Actual,PSO_RF_Pred,Baseline_RF_Pred,ARIMA_Pred,Residual_PSO_RF
0.0,0.2568,0.6237,0.0194,-0.2568
0.02,0.2128,0.4436,0.0217,-0.1928
0.37,0.2856,0.6395,0.0234,0.0844
0.1,0.2489,0.296,0.0232,-0.1489
0.01,0.2599,0.2338,0.0238,-0.2499
0.0,0.2752,0.1919,0.0234,-0.2752
0.0,0.2027,0.559,0.0238,-0.2027
0.0,0.1861,0.227,0.0234,-0.1861
0.0,0.1861,0.0175,0.0238,-0.1861
0.0,0.1861,0.1837,0.0235,-0.1861
0.02,0.1874,0.2167,0.0238,-0.1674
0.06,0.1874,0.0998,0.0235,-0.1274
0.0,0.1874,0.096,0.0237,-0.1874
0.0,0.1893,0.2849,0.0235,-0.1893
0.0,0.1928,0.181,0.0237,-0.1928
0.0,0.2106,0.2267,0.0235,-0.2106
0.0,0.1972,0.3138,0.0237,-0.1972
0.0,0.2393,0.3242,0.0235,-0.2393
0.0,0.2634,0.4978,0.0237,-0.2634
0.0,0.2461,0.2269,0.0236,-0.2461
0.0,0.2461,0.4412,0.0237,-0.2461
0.0,0.3459,0.5266,0.0236,-0.3459
0.22,0.5062,1.2433,0.0237,-0.2862
1.23,0.291,0.6712,0.0236,0.939
4.83,0.8611,1.3964,0.0237,3.9689
4.93,3.0847,4.3149,0.0236,1.8453
1.0,2.3604,3.3367,0.0237,-1.3604
0.31,0.5748,1.5723,0.0236,-0.2648
1.5,1.9053,2.4898,0.0236,-0.4053
0.12,2.22,1.0425,0.0236,-2.1
0.04,2.1363,1.6685,0.0236,-2.0963
0.04,0.4414,0.828,0.0236,-0.4014
1.99,0.5389,0.6772,0.0236,1.4511
0.26,2.415,2.1871,0.0236,-2.155
0.21,2.5282,6.5301,0.0236,-2.3182
3.56,2.9619,5.6165,0.0236,0.5981
0.25,1.5682,1.1322,0.0236,-1.3182
12.74,0.7708,1.7837,0.0236,11.9692
0.49,2.415,2.5828,0.0236,-1.925
0.78,2.4762,2.2934,0.0236,-1.6962
8.58,3.1128,2.6252,0.0236,5.4672
2.13,2.4693,2.9237,0.0236,-0.3393
0.09,1.8471,2.1082,0.0236,-1.7571
0.05,0.4444,0.5781,0.0236,-0.3944
0.05,0.2106,0.0637,0.0236,-0.1606
0.07,0.1972,0.1831,0.0236,-0.1272
0.03,0.2135,0.3526,0.0236,-0.1835
0.0,0.2426,0.5584,0.0236,-0.2426
0.0,0.2599,0.4073,0.0236,-0.2599
0.01,0.2599,0.3347,0.0236,-0.2499
0.0,0.3732,0.3182,0.0236,-0.3732
0.01,0.223,0.401,0.0236,-0.213
1.21,0.3933,1.0445,0.0236,0.8167
0.34,0.5917,1.2077,0.0236,-0.2517
0.58,0.8496,0.9816,0.0236,-0.2696
0.55,0.7457,2.0809,0.0236,-0.1957
1.45,2.1065,2.0869,0.0236,-0.6565
19.58,0.7111,2.7969,0.0236,18.8689
8.15,3.1165,4.7164,0.0236,5.0335
4.69,3.8842,4.1668,0.0236,0.8058
8.93,1.8031,2.9587,0.0236,7.1269
8.78,2.4543,3.1481,0.0236,6.3257
1.05,3.6278,4.5586,0.0236,-2.5778
3.93,4.9421,7.5083,0.0236,-1.0121
0.95,4.308,3.78,0.0236,-3.358
0.13,2.528,5.614,0.0236,-2.398
2.17,2.4776,5.7127,0.0236,-0.3076
5.77,2.3326,3.2246,0.0236,3.4374
0.24,3.8791,4.3732,0.0236,-3.6391
1.42,2.2342,2.078,0.0236,-0.8142
2.71,3.4,4.8581,0.0236,-0.69
1.8,3.6301,3.4873,0.0236,-1.8301
1.21,2.3584,3.2715,0.0236,-1.1484
1.83,3.6494,4.2549,0.0236,-1.8194
0.56,3.4031,2.9708,0.0236,-2.8431
0.17,2.099,2.4279,0.0236,-1.929
2.06,0.7865,1.2137,0.0236,1.2735
1.07,0.7641,1.1828,0.0236,0.3059
0.49,2.2197,3.9011,0.0236,-1.7297
2.91,2.1465,2.1616,0.0236,0.7635
2.42,2.1363,3.1209,0.0236,0.2837
3.34,2.2099,2.3542,0.0236,1.1301
4.43,2.0937,1.3276,0.0236,2.3363
1.08,3.5191,3.1244,0.0236,-2.4391
4.61,2.1618,3.3107,0.0236,2.4482
0.45,2.6211,3.2324,0.0236,-2.1711
0.66,2.1149,3.0805,0.0236,-1.4549
1.33,0.2828,0.9774,0.0236,1.0472
3.64,1.3194,2.2145,0.0236,2.3206
4.44,2.3742,3.8768,0.0236,2.0658
3.68,2.4712,2.303,0.0236,1.2088
5.74,3.4095,3.3436,0.0236,2.3305
4.15,3.9015,3.18,0.0236,0.2485
4.45,3.486,3.7454,0.0236,0.964
3.42,1.6895,2.8014,0.0236,1.7305
0.51,2.2662,2.2959,0.0236,-1.7562
0.6,1.934,1.9416,0.0236,-1.334
1.9,3.1815,4.2956,0.0236,-1.2815
1.07,2.3791,2.8179,0.0236,-1.3091
0.86,2.2248,1.6716,0.0236,-1.3648
3.0,0.6973,1.3947,0.0236,2.3027
3.94,1.4378,3.5081,0.0236,2.5022
2.49,4.0239,7.5097,0.0236,-1.5339
6.04,2.4345,3.7114,0.0236,3.6055
2.13,3.0777,2.8937,0.0236,-0.9477
4.19,2.415,2.0652,0.0236,1.775
9.93,3.1631,4.1364,0.0236,6.7669
16.36,3.9335,2.9132,0.0236,12.4265
13.36,5.3567,3.8704,0.0236,8.0033
14.16,4.392,3.3732,0.0236,9.768
16.41,4.1234,3.0557,0.0236,12.2866
27.63,4.5168,4.3357,0.0236,23.1132
6.87,6.8663,10.5989,0.0236,0.0037
3.37,5.9607,8.1345,0.0236,-2.5907
1.55,4.9689,5.48,0.0236,-3.4189
10.19,3.1641,4.5669,0.0236,7.0259
5.49,3.884,5.0568,0.0236,1.606
2.04,6.8682,10.7715,0.0236,-4.8282
9.94,1.8117,5.2199,0.0236,8.1283
7.79,3.9312,3.5832,0.0236,3.8588
2.03,6.7712,6.0709,0.0236,-4.7412
11.05,5.0897,6.3437,0.0236,5.9603
6.43,4.5342,2.9808,0.0236,1.8958
3.87,5.7669,5.9905,0.0236,-1.8969
3.92,6.7409,6.4902,0.0236,-2.8209
2.77,5.6787,3.3691,0.0236,-2.9087
6.2,5.1951,5.0803,0.0236,1.0049
9.23,5.3558,6.7415,0.0236,3.8742
45.92,6.857,6.6392,0.0236,39.063
7.65,6.8981,11.5517,0.0236,0.7519
2.72,6.7813,7.4171,0.0236,-4.0613
2.59,6.7697,8.0606,0.0236,-4.1797
11.44,4.6574,6.1492,0.0236,6.7826
8.16,6.8262,6.6439,0.0236,1.3338
4.72,5.168,8.7321,0.0236,-0.448
3.38,6.8747,7.7503,0.0236,-3.4947
6.06,6.7536,6.4471,0.0236,-0.6936
5.05,5.6362,6.6886,0.0236,-0.5862
2.13,4.9567,7.0294,0.0236,-2.8267
3.22,6.7553,8.8748,0.0236,-3.5353
6.31,6.7367,6.8175,0.0236,-0.4267
7.71,6.1406,5.3544,0.0236,1.5694
2.0,6.7714,6.3071,0.0236,-4.7714
1.65,5.6762,3.9907,0.0236,-4.0262
3.09,5.7674,7.3418,0.0236,-2.6774
0.87,5.9984,6.9415,0.0236,-5.1284
2.62,5.0823,3.6217,0.0236,-2.4623
0.85,6.6934,5.5806,0.0236,-5.8434
1.06,5.1433,3.0703,0.0236,-4.0833
0.99,4.8058,4.395,0.0236,-3.8158
1.08,5.6239,4.0643,0.0236,-4.5439
1.69,5.6319,4.315,0.0236,-3.9419
11.59,4.8409,4.1387,0.0236,6.7491
22.82,4.4464,5.4712,0.0236,18.3736
41.41,6.7292,8.3184,0.0236,34.6808
3.73,6.7595,6.1131,0.0236,-3.0295
6.15,6.1394,7.1307,0.0236,0.0106
0.76,6.7131,10.1889,0.0236,-5.9531
0.96,5.3492,3.0217,0.0236,-4.3892
1.05,4.9749,3.9597,0.0236,-3.9249
2.4,5.3851,4.4108,0.0236,-2.9851
1.23,6.0974,4.4372,0.0236,-4.8674
4.45,6.1196,4.1145,0.0236,-1.6696
12.43,5.8359,4.681,0.0236,6.5941
7.91,6.7457,5.7219,0.0236,1.1643
0.97,6.7291,6.8316,0.0236,-5.7591
3.35,5.6694,4.6483,0.0236,-2.3194
5.01,5.5759,5.6031,0.0236,-0.5659
8.19,6.7457,7.3005,0.0236,1.4443
0.38,6.1197,4.4683,0.0236,-5.7397
3.47,6.7599,9.0309,0.0236,-3.2899
2.07,6.7804,7.4486,0.0236,-4.7104
15.07,6.7772,9.8737,0.0236,8.2928
12.8,6.9147,6.556,0.0236,5.8853
2.11,6.8912,7.7938,0.0236,-4.7812
27.65,5.9082,5.9633,0.0236,21.7418
23.41,7.0517,8.752,0.0236,16.3583
7.5,7.3641,11.7751,0.0236,0.1359
4.57,6.7709,11.5127,0.0236,-2.2009
12.43,6.9011,8.3249,0.0236,5.5289
4.81,6.8875,8.2932,0.0236,-2.0775
10.61,6.7622,6.8698,0.0236,3.8478
15.23,6.9069,9.0904,0.0236,8.3231
8.48,6.8069,7.6008,0.0236,1.6731
29.39,6.915,6.3355,0.0236,22.475
19.59,7.0519,8.4123,0.0236,12.5381
10.06,6.8019,9.391,0.0236,3.2581
17.06,6.7572,7.9035,0.0236,10.3028
22.92,6.7831,7.0614,0.0236,16.1369
19.32,6.794,7.1476,0.0236,12.526
5.33,6.8378,6.0896,0.0236,-1.5078
11.11,6.8,7.9824,0.0236,4.31
7.36,6.8879,10.2206,0.0236,0.4721
6.42,6.7882,12.4535,0.0236,-0.3682
14.15,6.7421,6.7218,0.0236,7.4079
6.81,16.5827,21.3591,0.0236,-9.7727
4.25,6.9165,9.8789,0.0236,-2.6665
23.58,6.8117,5.1615,0.0236,16.7683
15.18,7.0996,13.8312,0.0236,8.0804
6.65,6.9435,6.5789,0.0236,-0.2935
7.47,4.709,9.4907,0.0236,2.761
14.34,5.6693,6.9182,0.0236,8.6707
8.56,6.7382,5.4632,0.0236,1.8218
10.57,6.7789,7.5236,0.0236,3.7911
11.52,6.8477,9.0385,0.0236,4.6723
8.61,5.3807,7.6336,0.0236,3.2293
4.79,6.8687,10.836,0.0236,-2.0787
14.56,4.6812,9.3408,0.0236,9.8788
10.8,5.3811,7.3046,0.0236,5.4189
31.5,6.168,7.7781,0.0236,25.332
3.01,6.8755,11.8535,0.0236,-3.8655
5.01,6.7744,6.2343,0.0236,-1.7644
9.93,6.75,6.6521,0.0236,3.18
7.28,17.1843,23.9096,0.0236,-9.9043
3.85,6.9359,13.3044,0.0236,-3.0859
3.71,6.8665,7.7221,0.0236,-3.1565
0.69,6.0701,8.443,0.0236,-5.3801
16.67,6.7938,10.2702,0.0236,9.8762
5.98,6.8351,5.9001,0.0236,-0.8551
13.06,5.9311,6.07,0.0236,7.1289
40.93,6.8394,8.7244,0.0236,34.0906
1.57,7.5861,7.7275,0.0236,-6.0161
1.82,6.9106,9.4394,0.0236,-5.0906
3.99,5.3749,7.3635,0.0236,-1.3849
4.95,6.8153,7.9137,0.0236,-1.8653
0.55,6.8351,6.488,0.0236,-6.2851
4.95,5.133,6.4956,0.0236,-0.183
7.22,5.5481,6.1033,0.0236,1.6719
4.26,6.7882,12.2521,0.0236,-2.5282
15.07,6.8018,8.1276,0.0236,8.2682
11.04,6.8051,7.1489,0.0236,4.2349
5.48,7.0801,8.5891,0.0236,-1.6001
26.34,6.794,6.8894,0.0236,19.546
9.13,6.8076,6.1622,0.0236,2.3224
13.7,4.7101,7.0724,0.0236,8.9899
31.18,5.6889,7.0655,0.0236,25.4911
10.96,6.8576,8.7598,0.0236,4.1024
3.0,4.5471,5.0364,0.0236,-1.5471
5.89,4.1734,5.833,0.0236,1.7166
3.94,6.7664,7.3333,0.0236,-2.8264
3.22,6.7751,6.9742,0.0236,-3.5551
3.34,6.7696,4.8309,0.0236,-3.4296
2.52,4.9924,7.4018,0.0236,-2.4724
1.46,6.7875,8.6822,0.0236,-5.3275
1.37,6.6578,7.7158,0.0236,-5.2878
2.11,4.4671,4.1199,0.0236,-2.3571
7.55,4.5846,4.3705,0.0236,2.9654
3.86,6.7449,6.1336,0.0236,-2.8849
2.35,7.0952,9.7563,0.0236,-4.7452
3.02,6.7593,8.8084,0.0236,-3.7393
1.05,6.7826,7.2803,0.0236,-5.7326
3.14,5.1337,7.5537,0.0236,-1.9937
8.92,5.7586,6.1445,0.0236,3.1614
0.28,6.803,6.7502,0.0236,-6.523
0.89,5.1058,7.2496,0.0236,-4.2158
2.85,4.2236,5.4587,0.0236,-1.3736
2.86,5.8029,5.9075,0.0236,-2.9429
11.92,6.0501,5.3191,0.0236,5.8699
1.47,6.7508,9.1028,0.0236,-5.2808
1.0,4.1299,4.51,0.0236,-3.1299
0.96,1.6407,1.1498,0.0236,-0.6807
2.57,1.6126,0.584,0.0236,0.9574
1.2,3.0851,2.3667,0.0236,-1.8851
0.18,4.3736,5.3055,0.0236,-4.1936
0.93,4.8216,5.1575,0.0236,-3.8916
0.64,4.9599,4.5544,0.0236,-4.3199
0.14,5.9971,4.8477,0.0236,-5.8571
8.1,3.2983,5.0539,0.0236,4.8017
7.8,3.965,2.3157,0.0236,3.835
10.63,3.8596,2.7176,0.0236,6.7704
19.42,3.8299,2.9512,0.0236,15.5901
23.52,3.4938,2.7344,0.0236,20.0262
15.25,5.2074,5.794,0.0236,10.0426
10.71,6.7694,7.8749,0.0236,3.9406
5.45,1.6912,1.5644,0.0236,3.7588
26.76,1.6757,1.5474,0.0236,25.0843
30.53,1.9426,0.8137,0.0236,28.5874
1.04,5.2499,4.8221,0.0236,-4.2099
0.69,4.492,3.884,0.0236,-3.802
0.28,2.7497,3.2634,0.0236,-2.4697
0.31,0.7393,0.8165,0.0236,-0.4293
0.36,0.675,0.5225,0.0236,-0.315
0.52,0.5057,0.5791,0.0236,0.0143
0.16,1.551,0.4826,0.0236,-1.391
0.19,1.4907,0.2098,0.0236,-1.3007
0.44,1.5105,0.1215,0.0236,-1.0705
0.23,1.4601,0.279,0.0236,-1.2301
0.0,1.2871,0.4155,0.0236,-1.2871
0.01,0.427,0.6186,0.0236,-0.417
0.01,0.3746,0.5923,0.0236,-0.3646
0.0,0.5223,0.1619,0.0236,-0.5223
0.0,1.1088,0.7415,0.0236,-1.1088
1.22,0.5521,0.6348,0.0236,0.6679
0.42,1.224,0.7238,0.0236,-0.804
0.2,0.4428,0.281,0.0236,-0.2428
0.44,1.3095,0.3089,0.0236,-0.8695
0.15,1.6869,0.9951,0.0236,-1.5369
0.01,1.4127,0.6652,0.0236,-1.4027
0.01,1.9607,1.291,0.0236,-1.9507
0.0,1.7006,2.261,0.0236,-1.7006
0.0,0.6852,0.4345,0.0236,-0.6852
0.0,0.5223,0.1484,0.0236,-0.5223
1.01,0.3746,0.2888,0.0236,0.6354
28.02,0.2442,0.0307,0.0236,27.7758
33.24,0.545,0.5353,0.0236,32.695
21.39,1.5017,0.0989,0.0236,19.8883
0.0,1.4127,0.6564,0.0236,-1.4127
0.0,1.4215,0.7997,0.0236,-1.4215
0.0,2.1469,1.4604,0.0236,-2.1469
0.0,1.4138,0.7641,0.0236,-1.4138
0.0,1.8977,0.5344,0.0236,-1.8977
0.0,2.1363,0.9448,0.0236,-2.1363
0.0,1.5185,0.835,0.0236,-1.5185
0.0,1.924,0.997,0.0236,-1.924
0.0,1.8091,1.5147,0.0236,-1.8091
0.0,0.545,0.0834,0.0236,-0.545
0.0,0.4428,0.0459,0.0236,-0.4428
1.37,0.4673,0.4193,0.0236,0.9027
5.87,0.7379,0.4655,0.0236,5.1321
4.11,1.7003,1.427,0.0236,2.4097
0.01,1.8432,1.0823,0.0236,-1.8332
0.37,0.3765,0.0678,0.0236,-0.0065
2.17,1.4286,0.3136,0.0236,0.7414
0.92,1.45,0.2137,0.0236,-0.53
0.6,0.6617,0.2524,0.0236,-0.0617
4.67,0.545,0.1548,0.0236,4.125
0.0,1.812,1.2881,0.0236,-1.812
0.0,1.6667,2.7948,0.0236,-1.6667
0.03,0.4354,0.1223,0.0236,-0.4054
0.75,0.4673,0.1987,0.0236,0.2827
0.0,0.535,0.0996,0.0236,-0.535
6.33,0.4428,0.0051,0.0236,5.8872
0.53,0.7541,0.2904,0.0236,-0.2241
0.46,1.7994,0.5508,0.0236,-1.3394
2.07,2.7764,1.3225,0.0236,-0.7064
0.18,5.7689,5.6917,0.0236,-5.5889
0.11,1.4634,1.7124,0.0236,-1.3534
0.01,0.1889,0.0578,0.0236,-0.1789
0.06,0.1861,0.0945,0.0236,-0.1261
0.58,0.3155,0.0053,0.0236,0.2645
0.0,1.3487,0.8049,0.0236,-1.3487
0.0,0.2981,0.0056,0.0236,-0.2981
0.0,0.2042,0.0,0.0236,-0.2042
0.0,0.2358,0.0,0.0236,-0.2358
0.0,0.1928,0.0,0.0236,-0.1928
0.0,0.3195,0.0009,0.0236,-0.3195
0.0,0.3746,0.7606,0.0236,-0.3746
0.0,0.2042,0.002,0.0236,-0.2042
0.03,0.1931,0.0002,0.0236,-0.1631
0.0,0.1928,0.0045,0.0236,-0.1928
0.0,0.3025,0.0019,0.0236,-0.3025
0.0,0.3195,0.0141,0.0236,-0.3195
0.0,0.2042,0.0,0.0236,-0.2042
0.0,0.198,0.0,0.0236,-0.198
0.0,0.1861,0.0026,0.0236,-0.1861
0.0,0.1861,0.0002,0.0236,-0.1861
0.0,0.1889,0.0,0.0236,-0.1889
0.0,0.4354,0.0201,0.0236,-0.4354
0.0,0.1889,0.0,0.0236,-0.1889
0.0,0.1889,0.0,0.0236,-0.1889
0.0,0.1861,0.0008,0.0236,-0.1861
0.0,0.1889,0.2215,0.0236,-0.1889
0.09,0.1889,0.0976,0.0236,-0.0989
0.28,0.1861,0.0135,0.0236,0.0939
0.37,0.1861,0.0596,0.0236,0.1839
2.79,0.1959,0.0268,0.0236,2.5941
0.64,1.2474,0.8305,0.0236,-0.6074
0.0,0.1861,0.3006,0.0236,-0.1861
0.0,0.1861,0.1242,0.0236,-0.1861
0.0,1.8366,1.1095,0.0236,-1.8366
0.0,0.5223,0.3445,0.0236,-0.5223
0.0,0.3209,0.2886,0.0236,-0.3209
0.0,0.2391,0.3316,0.0236,-0.2391
0.0,0.3195,0.2166,0.0236,-0.3195
0.0,0.5223,0.3012,0.0236,-0.5223
0.0,0.1861,0.1746,0.0236,-0.1861
0.0,0.1861,0.0946,0.0236,-0.1861
1.88,0.1903,0.1216,0.0236,1.6897
0.77,0.1903,0.0779,0.0236,0.5797
1.53,0.1928,0.0685,0.0236,1.3372
0.64,1.5211,1.0296,0.0236,-0.8811
2.66,0.2372,0.1069,0.0236,2.4228
0.39,1.655,0.6702,0.0236,-1.265
0.46,2.3554,1.8336,0.0236,-1.8954
1.3,2.4543,1.8903,0.0236,-1.1543
0.19,5.1221,4.1499,0.0236,-4.9321
3.91,2.3845,3.5201,0.0236,1.5255
1.04,3.6155,2.2918,0.0236,-2.5755
0.75,2.4105,2.7914,0.0236,-1.6605
0.68,2.22,2.4714,0.0236,-1.54
1.69,1.9298,2.6323,0.0236,-0.2398
3.19,2.415,1.9665,0.0236,0.775
0.8,2.415,2.0985,0.0236,-1.615
0.82,3.3601,1.8398,0.0236,-2.5401
1.63,2.3095,2.8712,0.0236,-0.6795
0.1,1.6643,1.1338,0.0236,-1.5643
0.24,1.6776,1.5664,0.0236,-1.4376
0.93,1.8053,1.8829,0.0236,-0.8753
1.73,2.2684,3.3772,0.0236,-0.5384
3.65,1.4224,1.8427,0.0236,2.2276
6.25,1.851,2.2438,0.0236,4.399
8.66,2.9714,2.4998,0.0236,5.6886
2.85,3.8696,1.7214,0.0236,-1.0196
1.0,5.2875,4.4499,0.0236,-4.2875
3.08,3.7246,3.5202,0.0236,-0.6446
0.67,3.6239,3.6075,0.0236,-2.9539
0.29,1.8834,3.1623,0.0236,-1.5934
0.77,1.7388,1.5882,0.0236,-0.9688
1.12,0.5483,0.2472,0.0236,0.5717
4.05,0.1903,0.2779,0.0236,3.8597
11.46,2.1266,1.372,0.0236,9.3334
18.14,3.2246,2.2105,0.0236,14.9154
1.62,3.9624,7.2906,0.0236,-2.3424
1.19,3.8911,4.8463,0.0236,-2.7011
2.01,5.5192,5.1693,0.0236,-3.5092
0.49,2.6644,4.0983,0.0236,-2.1744
1.71,3.3722,2.8671,0.0236,-1.6622
2.41,3.8467,4.0757,0.0236,-1.4367
2.82,3.6759,1.7524,0.0236,-0.8559
2.37,3.4397,3.2621,0.0236,-1.0697
1.0,2.6036,3.2234,0.0236,-1.6036
0.69,3.8928,4.4242,0.0236,-3.2028
2.92,2.2696,3.1349,0.0236,0.6504
9.5,3.5926,3.3838,0.0236,5.9074
3.61,5.4512,4.9522,0.0236,-1.8412
1.11,4.4331,5.4169,0.0236,-3.3231
6.66,3.3714,3.0855,0.0236,3.2886
12.43,3.9867,2.6622,0.0236,8.4433
5.48,4.3795,4.5969,0.0236,1.1005
4.5,3.917,4.7593,0.0236,0.583
0.59,4.1232,2.7981,0.0236,-3.5332
9.68,2.387,2.6654,0.0236,7.293
1.53,4.8833,4.2863,0.0236,-3.3533
1.0,3.4359,3.1246,0.0236,-2.4359
2.31,3.634,3.1323,0.0236,-1.324
0.24,6.2788,6.4517,0.0236,-6.0388
1.33,5.9132,9.7532,0.0236,-4.5832
1.61,4.4263,5.7489,0.0236,-2.8163
5.63,5.0637,5.7084,0.0236,0.5663
4.84,5.5149,9.6584,0.0236,-0.6749
0.69,4.2169,5.0117,0.0236,-3.5269
2.19,3.9044,2.31,0.0236,-1.7144
5.33,4.1242,3.9509,0.0236,1.2058
2.81,3.8879,5.4456,0.0236,-1.0779
2.63,4.2933,4.8359,0.0236,-1.6633
6.93,2.4499,2.8504,0.0236,4.4801
6.94,3.9185,3.8182,0.0236,3.0215
0.27,5.4897,9.0349,0.0236,-5.2197
1.02,4.744,5.1642,0.0236,-3.724
0.5,3.9413,3.4498,0.0236,-3.4413
3.33,3.2772,2.6862,0.0236,0.0528
1.31,4.8189,4.6797,0.0236,-3.5089
2.65,2.4249,2.9055,0.0236,0.2251
2.94,2.0913,2.7525,0.0236,0.8487
8.57,5.13,3.8241,0.0236,3.44
5.44,5.6185,6.9902,0.0236,-0.1785
2.58,5.5195,6.9492,0.0236,-2.9395
1.8,4.2981,3.6199,0.0236,-2.4981
2.06,3.9204,5.7875,0.0236,-1.8604
4.57,3.6707,5.6449,0.0236,0.8993
11.96,3.8817,3.8975,0.0236,8.0783
14.29,3.9432,2.1673,0.0236,10.3468
1.62,3.8522,4.8962,0.0236,-2.2322
1.02,4.3466,5.7901,0.0236,-3.3266
2.71,4.4941,5.1187,0.0236,-1.7841
0.05,5.3506,4.5484,0.0236,-5.3006
0.91,2.0595,4.6597,0.0236,-1.1495
3.4,3.1823,4.4006,0.0236,0.2177
2.41,4.3025,4.3504,0.0236,-1.8925
1.74,4.5613,3.6059,0.0236,-2.8213
0.85,4.6635,5.737,0.0236,-3.8135
2.56,4.5797,3.7678,0.0236,-2.0197
7.8,3.8865,3.4903,0.0236,3.9135
6.76,5.3689,4.4933,0.0236,1.3911
5.31,3.671,3.8585,0.0236,1.639
1.89,4.2605,5.4849,0.0236,-2.3705
8.66,5.9368,7.1124,0.0236,2.7232
4.4,4.8222,4.9031,0.0236,-0.4222
5.11,3.7285,3.8222,0.0236,1.3815
5.91,3.9708,4.8382,0.0236,1.9392
6.99,3.6727,3.5125,0.0236,3.3173
11.33,1.9294,2.0284,0.0236,9.4006
7.43,4.9921,4.5455,0.0236,2.4379
31.95,6.8807,8.1489,0.0236,25.0693
0.62,6.8102,6.4041,0.0236,-6.1902
2.02,5.1038,7.0126,0.0236,-3.0838
7.12,4.5756,4.1071,0.0236,2.5444
34.5,6.7138,5.1993,0.0236,27.7862
19.31,6.8166,6.4649,0.0236,12.4934
4.58,6.7483,6.1714,0.0236,-2.1683
3.91,6.8124,7.2697,0.0236,-2.9024
1.3,6.2006,7.8634,0.0236,-4.9006
11.68,5.0907,8.6942,0.0236,6.5893
24.62,6.7274,5.1738,0.0236,17.8926
11.79,6.7651,6.5613,0.0236,5.0249
1.91,7.0923,10.4829,0.0236,-5.1823
19.83,6.0349,7.1606,0.0236,13.7951
10.97,6.8271,7.4871,0.0236,4.1429
4.72,6.9213,7.0956,0.0236,-2.2013
3.25,4.8531,7.1752,0.0236,-1.6031
1.83,6.8001,7.5354,0.0236,-4.9701
12.74,6.7938,6.6091,0.0236,5.9462
9.8,6.8044,9.227,0.0236,2.9956
4.7,6.0025,7.5594,0.0236,-1.3025
1.49,5.6925,9.1976,0.0236,-4.2025
1.35,6.7536,8.6711,0.0236,-5.4036
8.86,6.8056,7.6633,0.0236,2.0544
1.56,6.7454,7.5035,0.0236,-5.1854
0.08,6.7772,7.1386,0.0236,-6.6972
0.62,5.133,6.0582,0.0236,-4.513
2.05,4.5721,4.5698,0.0236,-2.5221
1.58,6.7269,6.3145,0.0236,-5.1469
0.57,6.8301,6.7532,0.0236,-6.2601
3.14,5.8256,7.4144,0.0236,-2.6856
1.54,6.7595,7.77,0.0236,-5.2195
2.51,4.8213,5.8358,0.0236,-2.3113
2.21,6.735,6.7938,0.0236,-4.525
0.7,6.1406,5.5407,0.0236,-5.4406
1.02,5.8023,5.049,0.0236,-4.7823
1.47,6.0972,5.6379,0.0236,-4.6272
1.12,5.6503,5.6072,0.0236,-4.5303
0.65,5.313,3.8181,0.0236,-4.663
0.56,4.8433,3.8214,0.0236,-4.2833
1.57,4.3015,3.2429,0.0236,-2.7315
4.42,6.7521,7.7156,0.0236,-2.3321
6.04,6.7459,8.9883,0.0236,-0.7059
0.99,6.8341,6.1944,0.0236,-5.8441
2.37,4.6884,5.8386,0.0236,-2.3184
7.66,4.7971,7.0529,0.0236,2.8629
7.11,6.7686,7.8401,0.0236,0.3414
10.63,6.7401,5.669,0.0236,3.8899
3.32,6.7595,5.2244,0.0236,-3.4395
1.33,6.7978,5.2351,0.0236,-5.4678
12.13,6.7485,6.7135,0.0236,5.3815
3.69,6.7928,7.4139,0.0236,-3.1028
0.65,6.1352,5.0952,0.0236,-5.4852
4.42,6.7789,10.6999,0.0236,-2.3589
1.27,6.0655,7.4048,0.0236,-4.7955
0.07,5.9902,5.9486,0.0236,-5.9202
0.05,4.94,4.8365,0.0236,-4.89
0.14,3.9002,4.288,0.0236,-3.7602
0.15,4.182,4.843,0.0236,-4.032
0.63,6.7149,6.03,0.0236,-6.0849
0.91,5.1081,4.7085,0.0236,-4.1981
2.87,5.4045,3.8713,0.0236,-2.5345
10.19,6.7595,5.2657,0.0236,3.4305
5.25,6.7459,10.5921,0.0236,-1.4959
21.61,6.7315,7.3241,0.0236,14.8785
22.69,6.7864,7.4964,0.0236,15.9036
3.2,7.2028,11.3012,0.0236,-4.0028
0.5,6.8153,9.1098,0.0236,-6.3153
28.48,5.0636,7.223,0.0236,23.4164
26.47,5.6857,8.4185,0.0236,20.7843
1.29,6.8701,7.6688,0.0236,-5.5801
0.17,7.7326,7.5071,0.0236,-7.5626
5.96,5.8474,6.1178,0.0236,0.1126
5.85,6.8815,7.8427,0.0236,-1.0315
2.68,6.7522,6.1622,0.0236,-4.0722
9.79,6.132,6.3087,0.0236,3.658
24.44,6.825,9.1587,0.0236,17.615
42.32,7.5434,8.8588,0.0236,34.7766
2.99,6.8536,9.1799,0.0236,-3.8636
2.37,6.7782,7.0734,0.0236,-4.4082
6.69,5.9187,6.8108,0.0236,0.7713
57.78,7.1144,10.3253,0.0236,50.6656
4.35,8.1387,11.9325,0.0236,-3.7887
3.19,6.9551,8.5743,0.0236,-3.7651
1.57,6.8594,7.3992,0.0236,-5.2894
4.53,6.7831,8.3023,0.0236,-2.2531
2.53,6.0701,6.6402,0.0236,-3.5401
4.03,6.0033,8.4813,0.0236,-1.9733
11.16,6.781,10.0079,0.0236,4.379
6.61,6.8331,9.4608,0.0236,-0.2231
1.53,6.7428,5.1888,0.0236,-5.2128
2.34,6.8896,6.3127,0.0236,-4.5496
40.88,5.1464,8.922,0.0236,35.7336
16.03,6.7832,7.7176,0.0236,9.2468
3.88,16.9111,17.9086,0.0236,-13.0311
4.57,6.7426,11.3709,0.0236,-2.1726
29.85,5.7272,6.8942,0.0236,24.1228
16.02,7.0614,7.976,0.0236,8.9586
3.8,6.8895,6.6867,0.0236,-3.0895
8.13,6.9429,9.428,0.0236,1.1871
10.39,6.93,8.7871,0.0236,3.46
1.65,7.2394,8.0502,0.0236,-5.5894
5.24,6.8902,7.6376,0.0236,-1.6502
3.94,5.9115,8.5724,0.0236,-1.9715
11.41,6.7658,6.7495,0.0236,4.6442
6.68,6.9437,9.3602,0.0236,-0.2637
12.25,5.9515,7.4731,0.0236,6.2985
43.87,6.775,6.2517,0.0236,37.095
2.63,6.8759,6.3997,0.0236,-4.2459
8.11,6.8983,7.4621,0.0236,1.2117
5.58,6.8416,9.5074,0.0236,-1.2616
20.83,6.8002,8.9512,0.0236,14.0298
21.23,6.7746,8.6084,0.0236,14.4554
6.62,6.8942,7.7413,0.0236,-0.2742
3.02,6.8335,8.3557,0.0236,-3.8135
2.24,6.7772,7.5196,0.0236,-4.5372
2.7,6.775,6.7822,0.0236,-4.075
17.65,4.7414,5.7302,0.0236,12.9086
36.5,6.8984,8.2002,0.0236,29.6016
13.3,7.1141,6.7603,0.0236,6.1859
25.85,6.2127,17.441,0.0236,19.6373
3.97,7.0996,9.8977,0.0236,-3.1296
1.05,6.7882,7.6854,0.0236,-5.7382
5.39,5.0848,7.46,0.0236,0.3052
52.88,5.7095,7.6963,0.0236,47.1705
16.0,6.9158,7.6393,0.0236,9.0842
6.1,5.8326,13.2344,0.0236,0.2674
1.07,5.7236,9.6362,0.0236,-4.6536
0.06,4.3858,3.5764,0.0236,-4.3258
3.05,1.8544,1.8317,0.0236,1.1956
1.72,1.5357,0.8259,0.0236,0.1843
3.91,1.7425,1.4099,0.0236,2.1675
1.03,4.6613,6.0198,0.0236,-3.6313
12.21,4.0604,2.3341,0.0236,8.1496
0.15,3.4836,2.9521,0.0236,-3.3336
0.22,2.0112,1.8667,0.0236,-1.7912
2.65,1.6287,1.3958,0.0236,1.0213
0.76,4.5943,3.8878,0.0236,-3.8343
0.16,4.2878,3.4619,0.0236,-4.1278
0.0,1.9691,1.6153,0.0236,-1.9691
0.21,1.4013,0.635,0.0236,-1.1913
0.0,1.6661,0.3799,0.0236,-1.6661
0.02,1.7108,1.7,0.0236,-1.6908
0.07,1.429,0.6214,0.0236,-1.359
0.08,1.3936,0.6031,0.0236,-1.3136
0.0,0.6857,0.4318,0.0236,-0.6857
0.08,1.7562,0.5173,0.0236,-1.6762
0.07,1.6624,0.5649,0.0236,-1.5924
0.04,1.5162,0.9013,0.0236,-1.4762
0.11,1.5418,0.5176,0.0236,-1.4318
0.13,0.5259,0.4798,0.0236,-0.3959
0.83,0.6669,0.6418,0.0236,0.1631
2.13,1.5017,0.4406,0.0236,0.6283
1.37,3.1212,3.0467,0.0236,-1.7512
0.97,3.5958,2.6289,0.0236,-2.6258
0.14,3.2782,3.059,0.0236,-3.1382
0.03,1.6788,1.3439,0.0236,-1.6488
0.01,0.695,0.5858,0.0236,-0.685
0.0,0.6009,0.2071,0.0236,-0.6009
0.01,0.7479,0.3081,0.0236,-0.7379
0.01,1.4127,1.3665,0.0236,-1.4027
0.01,0.73,0.8954,0.0236,-0.72
0.01,0.5521,0.3322,0.0236,-0.5421
0.03,1.246,1.047,0.0236,-1.216
0.0,0.6617,1.5927,0.0236,-0.6617
0.0,1.2871,0.2391,0.0236,-1.2871
0.0,0.535,0.309,0.0236,-0.535
0.0,0.3025,0.0162,0.0236,-0.3025
0.0,0.4354,0.0365,0.0236,-0.4354
0.12,0.5032,0.2368,0.0236,-0.3832
0.16,1.3095,0.561,0.0236,-1.1495
0.07,0.3155,0.8974,0.0236,-0.2455
0.16,0.4368,0.564,0.0236,-0.2768
1.1,1.4118,0.7099,0.0236,-0.3118
0.01,1.6219,0.727,0.0236,-1.6119
0.02,0.535,0.479,0.0236,-0.515
0.0,0.695,0.8431,0.0236,-0.695
0.02,0.6652,0.5511,0.0236,-0.6452
0.0,1.4907,0.0598,0.0236,-1.4907
0.0,0.508,0.1441,0.0236,-0.508
0.0,1.246,0.3459,0.0236,-1.246
0.0,0.7379,1.3888,0.0236,-0.7379
0.0,0.1889,0.1507,0.0236,-0.1889
0.0,0.1889,0.0034,0.0236,-0.1889
0.0,0.1889,0.0742,0.0236,-0.1889
0.0,0.5259,0.2801,0.0236,-0.5259
0.0,0.3746,0.3156,0.0236,-0.3746
0.0,0.1928,0.0212,0.0236,-0.1928
0.0,0.3195,0.0758,0.0236,-0.3195
0.0,1.3254,0.2619,0.0236,-1.3254
0.0,1.4836,0.8668,0.0236,-1.4836
0.0,0.4428,0.9697,0.0236,-0.4428
0.0,0.3025,0.0187,0.0236,-0.3025
0.0,0.1889,0.0198,0.0236,-0.1889
0.0,0.1889,0.0099,0.0236,-0.1889
0.0,0.3025,0.0,0.0236,-0.3025
0.0,0.1931,0.0,0.0236,-0.1931
0.0,0.1889,0.0,0.0236,-0.1889
0.0,0.1889,0.0,0.0236,-0.1889
0.0,0.3195,0.0022,0.0236,-0.3195
0.0,0.2828,0.0,0.0236,-0.2828
0.0,0.2358,0.0,0.0236,-0.2358
0.0,0.1889,0.0,0.0236,-0.1889
0.0,0.1889,0.0003,0.0236,-0.1889
0.0,0.1861,0.0,0.0236,-0.1861
0.0,0.1889,0.0,0.0236,-0.1889
0.0,0.1889,0.0,0.0236,-0.1889
0.0,0.2358,0.0016,0.0236,-0.2358
0.0,0.3195,0.0037,0.0236,-0.3195
0.0,0.4354,0.0157,0.0236,-0.4354
0.0,0.1889,0.3226,0.0236,-0.1889
0.0,0.1889,0.0363,0.0236,-0.1889
0.0,0.1889,0.0,0.0236,-0.1889
0.0,0.1861,0.0,0.0236,-0.1861
0.0,0.1861,0.0,0.0236,-0.1861
0.0,0.1861,0.0,0.0236,-0.1861
0.0,0.1861,0.0001,0.0236,-0.1861
0.0,0.1861,0.0042,0.0236,-0.1861
0.0,0.1861,0.0,0.0236,-0.1861
0.0,0.1861,0.078,0.0236,-0.1861
0.0,0.1889,0.0148,0.0236,-0.1889
0.0,0.1889,0.0,0.0236,-0.1889
0.0,0.1861,0.0059,0.0236,-0.1861
0.0,0.1874,0.2023,0.0236,-0.1874
0.03,0.1861,0.0329,0.0236,-0.1561
0.04,0.7379,0.3112,0.0236,-0.6979
0.04,0.5057,0.1306,0.0236,-0.4657
0.02,0.5521,0.3173,0.0236,-0.5321
0.02,0.5236,0.1287,0.0236,-0.5036
0.03,0.1874,0.1246,0.0236,-0.1574
0.08,0.1922,0.2469,0.0236,-0.1122
0.25,1.7241,4.7925,0.0236,-1.4741
0.15,3.8696,1.6053,0.0236,-3.7196
0.06,3.1997,1.4206,0.0236,-3.1397
0.0,0.2828,0.6534,0.0236,-0.2828
0.0,0.1903,0.296,0.0236,-0.1903
0.0,0.1861,0.0453,0.0236,-0.1861
0.0,2.1102,1.0351,0.0236,-2.1102
0.0,0.4368,0.2942,0.0236,-0.4368
3.5,0.3778,0.3182,0.0236,3.1222
6.45,1.5118,0.4654,0.0236,4.9382
2.38,1.5825,0.2092,0.0236,0.7975
1.35,2.1565,0.7738,0.0236,-0.8065
3.07,0.4291,0.2831,0.0236,2.6409
0.01,0.1903,0.0735,0.0236,-0.1803
0.0,0.6963,0.2661,0.0236,-0.6963
0.0,0.2842,0.1772,0.0236,-0.2842
0.0,0.1874,0.2529,0.0236,-0.1874
0.0,0.1861,0.0708,0.0236,-0.1861
0.0,0.1861,0.0043,0.0236,-0.1861
0.0,0.1861,0.0047,0.0236,-0.1861
0.0,0.1861,0.0091,0.0236,-0.1861
0.0,0.1861,0.0004,0.0236,-0.1861
0.0,0.1861,0.0081,0.0236,-0.1861
0.0,0.1861,0.0002,0.0236,-0.1861
0.0,0.1861,0.0067,0.0236,-0.1861
0.23,0.1861,0.0059,0.0236,0.0439
0.31,0.6698,0.7857,0.0236,-0.3598
0.27,0.5464,0.5769,0.0236,-0.2764
2.73,0.5483,0.3884,0.0236,2.1817
2.47,0.759,0.3929,0.0236,1.711
2.08,0.5561,0.4025,0.0236,1.5239
4.01,0.8364,0.6517,0.0236,3.1736
1.14,1.9987,1.7043,0.0236,-0.8587
0.17,0.5648,2.1262,0.0236,-0.3948
0.35,2.4448,3.3707,0.0236,-2.0948
0.35,1.7542,2.3951,0.0236,-1.4042
0.23,0.7226,0.7811,0.0236,-0.4926
0.26,0.7511,0.8044,0.0236,-0.4911
2.02,1.9476,3.2591,0.0236,0.0724
4.09,1.9282,2.4946,0.0236,2.1618
3.56,2.3125,2.7362,0.0236,1.2475
0.48,3.0815,2.4801,0.0236,-2.6015
0.4,2.415,2.6376,0.0236,-2.015
0.18,3.3118,2.0668,0.0236,-3.1318
0.06,1.7746,1.3356,0.0236,-1.7146
0.21,0.7015,0.9947,0.0236,-0.4915
0.33,0.5464,0.5752,0.0236,-0.2164
0.45,0.6702,1.2711,0.0236,-0.2202
1.1,0.6056,1.3411,0.0236,0.4944
2.77,0.5518,0.9628,0.0236,2.2182
0.24,1.7031,1.2221,0.0236,-1.4631
0.67,2.099,1.78,0.0236,-1.429
12.37,0.704,1.9534,0.0236,11.666
10.13,2.0748,2.0092,0.0236,8.0552
1.78,2.4283,2.4706,0.0236,-0.6483
0.42,1.4127,0.497,0.0236,-0.9927
0.12,2.0808,1.5617,0.0236,-1.9608
1.37,1.8669,1.4657,0.0236,-0.4969
26.82,2.2452,1.3762,0.0236,24.5748
0.03,2.2784,1.7401,0.0236,-2.2484
0.61,1.6183,0.6904,0.0236,-1.0083
3.5,0.5534,0.4534,0.0236,2.9466
1.57,1.9096,1.8011,0.0236,-0.3396
0.03,2.3955,2.1613,0.0236,-2.3655
0.07,1.4171,2.0825,0.0236,-1.3471
0.04,1.6883,0.9588,0.0236,-1.6483
0.01,3.3064,2.139,0.0236,-3.2964
0.03,3.2045,1.6101,0.0236,-3.1745
8.6,2.2197,2.2574,0.0236,6.3803
7.89,2.4248,2.4626,0.0236,5.4652
15.27,3.6104,3.9183,0.0236,11.6596
2.98,5.7619,5.5231,0.0236,-2.7819
1.6,4.413,4.3906,0.0236,-2.813
2.75,2.4335,3.2434,0.0236,0.3165
0.87,3.8791,4.008,0.0236,-3.0091
5.07,2.249,3.6079,0.0236,2.821
1.2,3.3171,2.5098,0.0236,-2.1171
8.5,2.0347,2.3387,0.0236,6.4653
2.3,4.2317,3.7972,0.0236,-1.9317
1.05,2.2968,2.4931,0.0236,-1.2468
1.38,1.9782,1.0735,0.0236,-0.5982
1.69,2.0601,2.5205,0.0236,-0.3701
1.54,1.8284,2.8313,0.0236,-0.2884
0.99,2.4006,2.292,0.0236,-1.4106
1.86,3.924,4.9325,0.0236,-2.064
7.37,4.1651,6.3894,0.0236,3.2049
2.47,6.7413,10.003,0.0236,-4.2713
0.83,4.4835,5.2184,0.0236,-3.6535
4.47,2.0446,2.9141,0.0236,2.4254
14.57,2.3259,2.7399,0.0236,12.2441
0.72,4.8628,3.5616,0.0236,-4.1428
4.06,2.3765,4.3119,0.0236,1.6835
5.64,3.6789,4.1145,0.0236,1.9611
4.71,1.9816,2.0601,0.0236,2.7284
8.64,2.3377,1.4272,0.0236,6.3023
16.45,2.3528,2.0787,0.0236,14.0972
6.29,3.6227,4.4795,0.0236,2.6673
3.8,3.5466,5.7077,0.0236,0.2534
2.81,2.0453,3.6194,0.0236,0.7647
1.94,1.7003,2.5932,0.0236,0.2397
1.52,3.3813,2.6479,0.0236,-1.8613
1.65,3.631,3.2826,0.0236,-1.981
2.93,3.2329,6.5859,0.0236,-0.3029
2.3,4.355,4.5365,0.0236,-2.055
2.24,3.7145,3.0964,0.0236,-1.4745
1.49,3.883,2.9908,0.0236,-2.393
6.98,1.9835,4.2554,0.0236,4.9965
7.57,4.2584,6.9708,0.0236,3.3116
6.87,5.0138,6.2673,0.0236,1.8562
6.01,4.9076,5.9516,0.0236,1.1024
10.71,5.115,5.1228,0.0236,5.595
3.22,5.978,7.6884,0.0236,-2.758
4.66,4.8341,6.423,0.0236,-0.1741
3.2,4.1611,4.3619,0.0236,-0.9611
3.48,5.5777,5.9435,0.0236,-2.0977
3.82,5.2598,6.8011,0.0236,-1.4398
1.88,4.9783,5.8424,0.0236,-3.0983
2.82,5.169,6.377,0.0236,-2.349
1.24,5.4584,6.7634,0.0236,-4.2184
1.43,4.3725,4.7412,0.0236,-2.9425
1.25,4.1279,4.9406,0.0236,-2.8779
1.56,4.1169,6.5423,0.0236,-2.5569
2.76,3.3489,3.6966,0.0236,-0.5889
3.04,3.4574,7.0596,0.0236,-0.4174
8.32,4.305,7.7318,0.0236,4.015
8.91,6.7138,8.3725,0.0236,2.1962
5.13,6.8774,7.6516,0.0236,-1.7474
3.81,4.5516,6.9687,0.0236,-0.7416
12.46,4.2923,4.2461,0.0236,8.1677
15.46,6.7078,6.0172,0.0236,8.7522
11.01,6.7802,6.6765,0.0236,4.2298
14.52,6.724,7.7891,0.0236,7.796
12.1,6.0412,5.5954,0.0236,6.0588
17.21,5.9871,4.996,0.0236,11.2229
41.62,6.7715,5.8719,0.0236,34.8485
2.31,7.0184,9.6942,0.0236,-4.7084
1.11,5.0911,6.3816,0.0236,-3.9811
16.04,4.7669,5.7364,0.0236,11.2731
16.82,4.9998,5.8337,0.0236,11.8202
10.0,6.7695,6.9474,0.0236,3.2305
6.24,7.8082,13.3207,0.0236,-1.5682
6.56,5.8449,5.499,0.0236,0.7151
12.17,6.7288,8.4358,0.0236,5.4412
11.04,6.8282,11.7748,0.0236,4.2118
2.21,6.9938,10.1366,0.0236,-4.7838
1.23,6.7595,6.2179,0.0236,-5.5295
9.67,6.155,5.6875,0.0236,3.515
31.88,6.1948,6.3857,0.0236,25.6852
2.36,7.4181,6.0842,0.0236,-5.0581
2.36,6.6908,6.8218,0.0236,-4.3308
4.06,6.7813,7.1892,0.0236,-2.7213
6.37,5.6932,5.692,0.0236,0.6768
4.01,7.4017,6.9377,0.0236,-3.3917
2.6,6.7709,9.9902,0.0236,-4.1709
2.17,5.0767,5.7519,0.0236,-2.9067
8.29,4.6828,4.5066,0.0236,3.6072
3.16,5.7553,6.4525,0.0236,-2.5953
8.68,5.438,6.1918,0.0236,3.242
5.79,6.7559,7.5464,0.0236,-0.9659
2.0,5.2126,6.4705,0.0236,-3.2126
17.98,4.6134,4.4748,0.0236,13.3666
18.53,5.9043,5.9552,0.0236,12.6257
5.92,6.8878,9.1144,0.0236,-0.9678
0.15,6.7839,8.2563,0.0236,-6.6339
6.05,6.0572,7.5597,0.0236,-0.0072
45.89,5.7968,6.8998,0.0236,40.0932
2.61,7.1439,14.8236,0.0236,-4.5339
3.06,6.8045,7.6021,0.0236,-3.7445
5.59,5.7775,7.2241,0.0236,-0.1875
9.35,4.0983,5.4888,0.0236,5.2517
19.13,4.3242,3.7323,0.0236,14.8058
12.9,6.904,12.7773,0.0236,5.996
8.77,6.7808,11.488,0.0236,1.9892
3.85,6.7408,8.576,0.0236,-2.8908
7.88,6.8333,12.2159,0.0236,1.0467
16.47,6.7771,9.9785,0.0236,9.6929
10.98,7.1126,10.8011,0.0236,3.8674
21.17,6.8372,13.538,0.0236,14.3328
0.29,6.8817,7.7074,0.0236,-6.5917
1.4,5.636,6.1806,0.0236,-4.236
3.44,5.5374,6.0091,0.0236,-2.0974
7.68,6.7326,8.7125,0.0236,0.9474
12.67,6.9076,8.5345,0.0236,5.7624
10.55,6.9011,8.9478,0.0236,3.6489
11.58,6.8192,14.4372,0.0236,4.7608
8.16,6.9007,9.3868,0.0236,1.2593
7.09,7.5436,8.1883,0.0236,-0.4536
3.04,6.8786,7.6453,0.0236,-3.8386
4.93,7.7683,11.382,0.0236,-2.8383
2.23,6.1044,8.1155,0.0236,-3.8744
1.71,6.7659,8.4283,0.0236,-5.0559
1.98,6.8718,6.2138,0.0236,-4.8918
4.89,6.6769,7.8453,0.0236,-1.7869
34.24,6.7427,7.4994,0.0236,27.4973
11.3,6.7793,7.7574,0.0236,4.5207
2.91,6.7955,9.4754,0.0236,-3.8855
2.3,6.8817,7.4163,0.0236,-4.5817
4.65,6.7347,7.6022,0.0236,-2.0847
10.83,6.8536,7.385,0.0236,3.9764
3.46,6.8478,6.5234,0.0236,-3.3878
3.6,4.369,5.6711,0.0236,-0.769
3.84,4.4218,4.4478,0.0236,-0.5818
11.22,6.7383,9.0415,0.0236,4.4817
11.63,6.7634,6.5401,0.0236,4.8666
6.19,6.8006,9.8788,0.0236,-0.6106
1.28,6.8295,6.671,0.0236,-5.5495
5.42,5.8394,8.7606,0.0236,-0.4194
9.74,6.0173,6.1188,0.0236,3.7227
1.99,6.8945,7.915,0.0236,-4.9045
1.47,7.4041,8.4674,0.0236,-5.9341
1.26,4.7238,9.4095,0.0236,-3.4638
3.33,6.7095,4.0096,0.0236,-3.3795
7.24,6.8921,6.7703,0.0236,0.3479
1.97,6.8059,9.7637,0.0236,-4.8359
33.32,6.7708,8.5779,0.0236,26.5492
0.55,6.9896,8.8247,0.0236,-6.4396
8.28,6.7367,6.7309,0.0236,1.5433
22.8,6.9067,9.3906,0.0236,15.8933
12.15,8.1444,8.4809,0.0236,4.0056
7.27,6.7653,8.6182,0.0236,0.5047
12.32,6.7572,5.6493,0.0236,5.5628
1.76,7.0285,8.8018,0.0236,-5.2685
1.55,5.712,7.2169,0.0236,-4.162
15.93,4.7154,4.7648,0.0236,11.2146
24.74,6.8515,8.4339,0.0236,17.8885
2.73,6.902,10.497,0.0236,-4.172
1.71,6.9553,10.5128,0.0236,-5.2453
8.45,6.0349,7.1584,0.0236,2.4151
2.97,7.3052,13.3882,0.0236,-4.3352
1.62,6.8064,6.7094,0.0236,-5.1864
10.65,4.7266,6.1835,0.0236,5.9234
7.63,6.7736,7.2949,0.0236,0.8564
5.34,6.9434,8.2868,0.0236,-1.6034
14.86,6.8975,9.8949,0.0236,7.9625
1.18,6.7464,8.1405,0.0236,-5.5664
1.46,5.9489,6.1809,0.0236,-4.4889
6.46,5.6589,4.9582,0.0236,0.8011
5.47,7.5747,8.9377,0.0236,-2.1047
11.58,6.8995,7.1266,0.0236,4.6805
6.12,6.8642,8.0412,0.0236,-0.7442
1.6,6.8398,6.9988,0.0236,-5.2398
1.92,5.3749,9.8613,0.0236,-3.4549
2.3,4.7567,7.1208,0.0236,-2.4567
6.75,4.8173,6.1945,0.0236,1.9327
6.19,6.7428,8.1405,0.0236,-0.5528
1.94,6.7201,7.0965,0.0236,-4.7801
8.23,4.9353,9.7697,0.0236,3.2947
8.07,5.9176,6.615,0.0236,2.1524
13.53,6.75,6.172,0.0236,6.78
10.42,6.8803,8.7036,0.0236,3.5397
8.43,4.7304,10.0788,0.0236,3.6996
5.01,5.4988,6.5987,0.0236,-0.4888
15.57,6.7353,7.9109,0.0236,8.8347
3.04,6.9844,9.4267,0.0236,-3.9444
6.37,6.7882,9.1118,0.0236,-0.4182
4.39,6.7882,8.6393,0.0236,-2.3982
8.47,6.7977,10.766,0.0236,1.6723
6.46,6.8591,7.9811,0.0236,-0.3991
0.86,6.7946,7.7786,0.0236,-5.9346
1.21,6.7811,7.0002,0.0236,-5.5711
1.19,6.9535,9.8317,0.0236,-5.7635
3.01,6.7882,7.1646,0.0236,-3.7782
3.58,6.896,5.7065,0.0236,-3.316
3.36,6.7942,6.9963,0.0236,-3.4342
3.9,5.4041,5.7635,0.0236,-1.5041
3.19,4.9231,7.8606,0.0236,-1.7331
6.93,4.5796,4.3694,0.0236,2.3504
1.0,6.7669,6.8772,0.0236,-5.7669
0.02,4.9115,7.3119,0.0236,-4.8915
0.01,5.3218,3.2918,0.0236,-5.3118
0.02,4.0025,3.2141,0.0236,-3.9825
0.01,5.5871,5.5354,0.0236,-5.5771
0.01,5.2928,5.1833,0.0236,-5.2828
0.84,4.2276,3.0477,0.0236,-3.3876
1.26,3.364,2.5575,0.0236,-2.104
1.13,3.2835,2.4083,0.0236,-2.1535
0.65,3.4629,3.2333,0.0236,-2.8129
0.93,3.9505,4.3206,0.0236,-3.0205
2.91,5.3532,4.7766,0.0236,-2.4432
11.41,4.7332,5.8648,0.0236,6.6768
11.24,5.3202,4.0802,0.0236,5.9198
10.88,6.7442,3.7777,0.0236,4.1358
14.31,6.7694,5.2975,0.0236,7.5406
1.57,7.7732,9.644,0.0236,-6.2032
0.68,6.041,4.9327,0.0236,-5.361
1.57,5.9247,4.9759,0.0236,-4.3547
1.11,5.2824,5.1148,0.0236,-4.1724
1.36,3.6679,2.7374,0.0236,-2.3079
0.95,3.9461,3.5304,0.0236,-2.9961
0.08,3.4616,2.9255,0.0236,-3.3816
0.16,1.6624,0.6423,0.0236,-1.5024
0.51,1.5209,0.501,0.0236,-1.0109
0.07,6.7228,5.9369,0.0236,-6.6528
0.0,4.262,4.6612,0.0236,-4.262
0.0,2.4652,2.8901,0.0236,-2.4652
0.0,1.3095,0.4337,0.0236,-1.3095
0.0,0.7768,0.5874,0.0236,-0.7768
0.0,0.6698,0.3931,0.0236,-0.6698
0.81,0.5223,0.2534,0.0236,0.2877
1.16,4.3131,3.0182,0.0236,-3.1531
3.12,5.1292,5.535,0.0236,-2.0092
7.12,6.7577,5.4982,0.0236,0.3623
17.85,6.7809,7.4677,0.0236,11.0691
0.01,6.0775,6.6612,0.0236,-6.0675
0.02,1.7547,3.0052,0.0236,-1.7347
0.04,3.9935,3.5668,0.0236,-3.9535
0.01,4.952,5.0412,0.0236,-4.942
0.02,1.6768,0.6629,0.0236,-1.6568
0.02,1.3254,0.1533,0.0236,-1.3054
0.02,0.3195,0.2376,0.0236,-0.2995
0.02,0.1889,0.1206,0.0236,-0.1689
0.02,0.535,0.5225,0.0236,-0.515
0.02,0.5521,0.2456,0.0236,-0.5321
0.0,0.5223,0.3466,0.0236,-0.5223
0.0,1.2769,0.1553,0.0236,-1.2769
0.0,0.73,0.683,0.0236,-0.73
0.0,0.1861,0.385,0.0236,-0.1861
0.0,0.1861,0.0543,0.0236,-0.1861
0.0,0.1889,0.0186,0.0236,-0.1889
0.0,0.1889,0.0342,0.0236,-0.1889
0.0,0.1889,0.0,0.0236,-0.1889
0.0,0.1889,0.0001,0.0236,-0.1889
0.0,0.1889,0.0011,0.0236,-0.1889
0.0,0.1889,0.0133,0.0236,-0.1889
0.0,0.1889,0.0011,0.0236,-0.1889
0.0,0.1889,0.0004,0.0236,-0.1889
0.0,0.1889,0.0444,0.0236,-0.1889
0.0,0.1889,0.0613,0.0236,-0.1889
0.0,0.1889,0.0,0.0236,-0.1889
0.0,0.1889,0.0003,0.0236,-0.1889
0.0,0.1889,0.0,0.0236,-0.1889
0.0,0.1861,0.0,0.0236,-0.1861
0.0,0.1861,0.0,0.0236,-0.1861
0.0,0.1861,0.0019,0.0236,-0.1861
0.0,0.1861,0.0291,0.0236,-0.1861
0.0,0.1861,0.0695,0.0236,-0.1861
0.0,0.1861,0.0298,0.0236,-0.1861
0.0,0.1861,0.025,0.0236,-0.1861
0.0,0.1861,0.0572,0.0236,-0.1861
0.0,0.1861,0.0177,0.0236,-0.1861
0.0,0.2793,0.057,0.0236,-0.2793
0.0,1.3342,0.6825,0.0236,-1.3342
0.0,0.545,0.9744,0.0236,-0.545
0.02,0.4368,0.6616,0.0236,-0.4168
0.02,1.326,0.4931,0.0236,-1.306
0.01,0.4686,0.5448,0.0236,-0.4586
0.02,0.1874,0.0984,0.0236,-0.1674
0.03,1.4294,0.2481,0.0236,-1.3994
0.0,0.2372,0.1541,0.0236,-0.2372
0.0,0.1861,0.0149,0.0236,-0.1861
0.0,0.1861,0.0,0.0236,-0.1861
0.0,0.1861,0.0046,0.0236,-0.1861
0.0,0.3025,0.0027,0.0236,-0.3025
0.0,0.1861,0.0002,0.0236,-0.1861
0.0,0.1861,0.0,0.0236,-0.1861
0.0,0.1861,0.0,0.0236,-0.1861
0.0,0.1861,0.0002,0.0236,-0.1861
0.0,0.1861,0.0169,0.0236,-0.1861
0.0,0.1861,0.03,0.0236,-0.1861
0.0,0.1861,0.0443,0.0236,-0.1861
0.46,0.1861,0.0359,0.0236,0.2739
0.51,1.4474,1.2915,0.0236,-0.9374
0.0,0.3746,0.2596,0.0236,-0.3746
0.0,0.198,0.0257,0.0236,-0.198
0.0,0.1861,0.0,0.0236,-0.1861
0.0,0.1861,0.0,0.0236,-0.1861
0.0,0.1861,0.0,0.0236,-0.1861
0.0,0.1861,0.0062,0.0236,-0.1861
0.0,0.1861,0.0672,0.0236,-0.1861
0.0,0.1861,0.0286,0.0236,-0.1861
0.0,0.1889,0.0597,0.0236,-0.1889
0.0,0.1903,0.1135,0.0236,-0.1903
0.0,0.1861,0.0182,0.0236,-0.1861
0.0,0.1861,0.0002,0.0236,-0.1861
0.0,0.1861,0.0556,0.0236,-0.1861
0.0,0.1861,0.0008,0.0236,-0.1861
0.0,0.1861,0.0,0.0236,-0.1861
0.0,0.1861,0.0041,0.0236,-0.1861
0.0,0.1861,0.1317,0.0236,-0.1861
0.0,0.1889,0.1892,0.0236,-0.1889
0.0,0.5464,0.7948,0.0236,-0.5464
0.01,1.3402,0.511,0.0236,-1.3302
0.01,1.5004,1.024,0.0236,-1.4904
0.06,0.1903,0.351,0.0236,-0.1303
0.18,0.2282,0.3979,0.0236,-0.0482
0.14,0.1893,0.6058,0.0236,-0.0493
0.1,1.4294,1.1907,0.0236,-1.3294
0.23,0.5236,0.4191,0.0236,-0.2936
0.54,0.5561,0.6559,0.0236,-0.0161
2.47,0.5897,1.732,0.0236,1.8803
4.86,1.7449,2.3007,0.0236,3.1151
1.34,1.9851,2.7598,0.0236,-0.6451
0.01,1.812,2.8285,0.0236,-1.802
0.0,0.1903,0.1723,0.0236,-0.1903
0.0,0.2,0.2463,0.0236,-0.2
0.0,0.2106,0.2352,0.0236,-0.2106
0.01,0.6015,1.4176,0.0236,-0.5915
0.01,2.0348,3.5677,0.0236,-2.0248
0.01,2.1526,2.7956,0.0236,-2.1426
0.34,2.3074,3.8646,0.0236,-1.9674
0.08,1.9053,2.9323,0.0236,-1.8253
0.11,2.3024,3.3175,0.0236,-2.1924
0.09,0.6992,1.6867,0.0236,-0.6092
0.08,1.8342,2.2097,0.0236,-1.7542
0.13,0.9862,1.4326,0.0236,-0.8562
0.38,2.1363,3.675,0.0236,-1.7563
0.23,2.1526,3.2066,0.0236,-1.9226
0.17,2.1363,2.9737,0.0236,-1.9663
0.49,2.1526,2.167,0.0236,-1.6626
0.74,0.7385,1.5793,0.0236,0.0015
1.53,0.6168,2.2764,0.0236,0.9132
5.71,2.2139,5.1552,0.0236,3.4961
1.3,3.8939,6.3661,0.0236,-2.5939
3.24,0.4442,2.3408,0.0236,2.7958
0.05,0.7399,1.2444,0.0236,-0.6899
0.03,2.3366,5.2488,0.0236,-2.3066
0.03,1.413,3.052,0.0236,-1.383
0.03,0.416,0.515,0.0236,-0.386
0.02,0.5932,0.3866,0.0236,-0.5732
0.12,0.4961,0.6161,0.0236,-0.3761
0.59,0.7315,1.4224,0.0236,-0.1415
0.22,2.2099,3.2407,0.0236,-1.9899
0.2,2.3024,3.1376,0.0236,-2.1024
0.13,1.7371,2.589,0.0236,-1.6071
0.15,1.6783,2.1828,0.0236,-1.5283
0.69,2.0137,4.0702,0.0236,-1.3237
0.48,0.567,1.7043,0.0236,-0.087
0.83,1.0132,3.3462,0.0236,-0.1832
0.52,2.3024,5.7652,0.0236,-1.7824
0.39,2.2351,5.0769,0.0236,-1.8451
0.9,2.2243,4.2345,0.0236,-1.3243
1.12,1.8404,3.6301,0.0236,-0.7204
2.18,3.1608,5.4553,0.0236,-0.9808
6.04,2.1173,3.7531,0.0236,3.9227
6.49,3.6155,5.3328,0.0236,2.8745
2.87,3.2672,3.4263,0.0236,-0.3972
4.33,2.3067,2.3599,0.0236,2.0233
1.2,3.9007,2.1941,0.0236,-2.7007
0.71,2.4116,3.3006,0.0236,-1.7016
0.35,2.2452,2.9586,0.0236,-1.8952
0.15,1.3531,1.3174,0.0236,-1.2031
1.44,2.3024,1.9778,0.0236,-0.8624
0.36,3.3831,5.3136,0.0236,-3.0231
5.66,2.1056,3.3187,0.0236,3.5544
0.0,0.3136,0.5169,0.0236,-0.3136
0.0,1.8477,3.0839,0.0236,-1.8477
0.02,2.9661,2.75,0.0236,-2.9461
0.02,2.1594,2.6039,0.0236,-2.1394
0.04,2.4139,6.3837,0.0236,-2.3739
6.41,2.204,4.487,0.0236,4.206
4.55,3.8696,5.8607,0.0236,0.6804
11.98,2.2088,4.1104,0.0236,9.7712
2.13,4.8106,4.6372,0.0236,-2.6806
1.72,4.3252,4.8393,0.0236,-2.6052
1.68,2.3559,4.6861,0.0236,-0.6759
1.92,3.8205,4.6812,0.0236,-1.9005
1.4,3.842,4.2459,0.0236,-2.442
4.62,3.665,5.0837,0.0236,0.955
3.53,3.2533,3.9459,0.0236,0.2767
3.14,2.4296,4.6861,0.0236,0.7104
4.36,3.9106,7.5864,0.0236,0.4494
0.34,2.498,4.478,0.0236,-2.158
0.31,2.3961,2.1593,0.0236,-2.0861
1.93,2.2519,4.0499,0.0236,-0.3219
2.57,2.4279,4.7222,0.0236,0.1421
3.08,3.5048,4.8932,0.0236,-0.4248
1.75,2.1991,3.1073,0.0236,-0.4491
1.2,3.1523,3.7817,0.0236,-1.9523
4.0,2.1638,4.1021,0.0236,1.8362
22.48,2.298,3.449,0.0236,20.182
3.12,7.652,15.9341,0.0236,-4.532
1.6,4.8219,6.5898,0.0236,-3.2219
2.07,3.3209,4.3437,0.0236,-1.2509
2.1,1.9293,2.2422,0.0236,0.1707
1.57,1.6178,2.0135,0.0236,-0.0478
2.3,3.8952,5.3187,0.0236,-1.5952
13.82,3.6929,7.6842,0.0236,10.1271
0.61,3.2371,5.1583,0.0236,-2.6271
1.37,3.4039,5.0781,0.0236,-2.0339
2.26,3.8875,6.3738,0.0236,-1.6275
3.83,4.0539,4.817,0.0236,-0.2239
1.92,4.3706,14.1046,0.0236,-2.4506
3.4,4.2516,8.031,0.0236,-0.8516
23.99,3.4155,8.4976,0.0236,20.5745
0.3,6.7138,7.1771,0.0236,-6.4138
2.0,3.4301,6.2929,0.0236,-1.4301
0.29,3.8088,3.9511,0.0236,-3.5188
0.28,4.2487,3.5955,0.0236,-3.9687
5.26,3.9802,5.225,0.0236,1.2798
4.82,4.0166,11.7812,0.0236,0.8034
9.79,4.3466,7.7958,0.0236,5.4434
5.98,4.5854,7.2607,0.0236,1.3946
5.17,6.7438,13.248,0.0236,-1.5738
11.03,6.7294,10.6012,0.0236,4.3006
3.73,5.8729,8.0588,0.0236,-2.1429
7.36,5.9615,5.626,0.0236,1.3985
0.83,6.8708,6.6894,0.0236,-6.0408
0.2,5.728,8.2496,0.0236,-5.528
1.63,4.5828,4.9621,0.0236,-2.9528
3.59,5.2478,7.1909,0.0236,-1.6578
14.96,5.5146,6.1658,0.0236,9.4454
3.17,4.6689,5.7209,0.0236,-1.4989
13.41,3.9987,5.4625,0.0236,9.4113
14.6,5.0257,7.1894,0.0236,9.5743
5.94,6.7796,8.3719,0.0236,-0.8396
1.26,6.8223,9.5519,0.0236,-5.5623
0.13,5.0776,9.5927,0.0236,-4.9476
0.05,3.468,4.7054,0.0236,-3.418
1.25,1.6501,2.1799,0.0236,-0.4001
4.86,4.2565,3.7652,0.0236,0.6035
6.68,6.786,6.6711,0.0236,-0.106
2.0,6.863,6.0826,0.0236,-4.863
0.94,4.7338,4.038,0.0236,-3.7938
2.14,4.3586,5.0866,0.0236,-2.2186
15.1,4.598,4.1506,0.0236,10.502
5.95,6.726,10.4979,0.0236,-0.776
3.1,5.5005,5.3776,0.0236,-2.4005
6.18,4.9185,4.9091,0.0236,1.2615
11.97,5.6151,7.0815,0.0236,6.3549
8.55,6.756,10.5646,0.0236,1.794
0.71,6.7807,7.6242,0.0236,-6.0707
25.01,5.834,6.2565,0.0236,19.176
10.54,6.7521,6.9346,0.0236,3.7879
7.7,6.028,4.8151,0.0236,1.672
0.94,5.5152,4.2199,0.0236,-4.5752
2.3,5.8185,4.8706,0.0236,-3.5185
1.97,6.7526,6.7771,0.0236,-4.7826
7.04,6.7651,6.2202,0.0236,0.2749
2.09,5.9254,5.3885,0.0236,-3.8354
1.72,5.1001,4.1263,0.0236,-3.3801
3.71,4.9298,5.5162,0.0236,-1.2198
5.34,6.8574,6.6956,0.0236,-1.5174
4.35,6.7371,5.6292,0.0236,-2.3871
0.41,6.8238,6.9328,0.0236,-6.4138
4.22,5.0829,4.7429,0.0236,-0.8629
8.16,6.7075,6.8673,0.0236,1.4525
9.34,6.8518,7.2676,0.0236,2.4882
4.4,7.0858,7.5942,0.0236,-2.6858
7.88,6.1197,5.9161,0.0236,1.7603
16.79,6.718,7.5656,0.0236,10.072
14.51,6.7427,6.5368,0.0236,7.7673
3.45,6.1197,4.9181,0.0236,-2.6697
8.23,6.7374,5.8206,0.0236,1.4926
1.83,6.7457,5.979,0.0236,-4.9157
0.32,6.7233,6.1887,0.0236,-6.4033
0.28,5.6694,4.3781,0.0236,-5.3894
0.46,5.5082,4.0148,0.0236,-5.0482
3.05,4.8976,3.2577,0.0236,-1.8476
3.44,6.7075,6.4114,0.0236,-3.2675
1.5,6.7233,7.7796,0.0236,-5.2233
1.82,6.047,4.372,0.0236,-4.227
1.36,5.8291,4.8823,0.0236,-4.4691
1.43,5.3836,4.7596,0.0236,-3.9536
0.39,4.8861,3.3016,0.0236,-4.4961
0.08,4.5474,3.3206,0.0236,-4.4674
0.16,4.4705,3.7608,0.0236,-4.3105
0.8,3.8935,3.4579,0.0236,-3.0935
0.86,4.0977,4.16,0.0236,-3.2377
0.19,3.9956,6.8043,0.0236,-3.8056
0.03,3.4228,3.8174,0.0236,-3.3928
0.28,3.0953,2.7116,0.0236,-2.8153
0.43,4.2908,4.0361,0.0236,-3.8608
0.69,3.9907,3.74,0.0236,-3.3007
0.59,4.317,4.1652,0.0236,-3.727
0.43,4.7187,6.4683,0.0236,-4.2887
0.53,2.4885,3.6396,0.0236,-1.9585
1.83,4.0239,3.4543,0.0236,-2.1939
0.32,4.4069,5.8139,0.0236,-4.0869
0.11,3.7471,4.1513,0.0236,-3.6371
12.4,2.4426,2.0882,0.0236,9.9574
5.54,6.7346,8.1896,0.0236,-1.1946
0.46,5.811,7.0765,0.0236,-5.351
4.36,3.8748,4.597,0.0236,0.4852
16.95,4.323,5.3596,0.0236,12.627
3.86,7.0628,7.2179,0.0236,-3.2028
0.81,6.7118,7.2857,0.0236,-5.9018
12.01,5.2003,6.4833,0.0236,6.8097
2.22,6.7684,6.8122,0.0236,-4.5484
0.66,5.9262,6.7076,0.0236,-5.2662
5.68,5.3962,3.973,0.0236,0.2838
13.07,5.9981,3.2035,0.0236,7.0719
2.19,7.0151,6.5349,0.0236,-4.8251
1.12,6.776,5.0979,0.0236,-5.656
0.3,5.8422,5.0389,0.0236,-5.5422
0.41,4.9874,3.677,0.0236,-4.5774
0.09,5.859,9.5792,0.0236,-5.769
0.05,5.1295,4.2672,0.0236,-5.0795
6.18,2.44,2.383,0.0236,3.74
49.67,4.3056,3.9861,0.0236,45.3644
1.42,17.3295,26.7855,0.0236,-15.9095
2.02,5.3475,8.3461,0.0236,-3.3275
19.81,5.5352,5.9726,0.0236,14.2748
3.11,7.0756,8.6046,0.0236,-3.9656
1.67,6.8643,8.1818,0.0236,-5.1943
6.5,6.0331,6.5145,0.0236,0.4669
8.7,6.6227,7.6102,0.0236,2.0773
4.7,6.929,11.2717,0.0236,-2.229
1.81,6.6961,6.7106,0.0236,-4.8861
7.36,5.1656,5.8749,0.0236,2.1944
22.21,6.761,7.6469,0.0236,15.449
2.83,6.7592,5.8508,0.0236,-3.9292
0.97,5.9065,7.6884,0.0236,-4.9365
2.14,5.9468,6.5912,0.0236,-3.8068
19.63,5.6689,8.2346,0.0236,13.9611
65.78,7.5397,9.0175,0.0236,58.2403
21.37,6.7517,5.7648,0.0236,14.6183
14.16,5.573,5.9432,0.0236,8.587
4.99,4.8858,6.3785,0.0236,0.1042
2.82,4.5572,4.7991,0.0236,-1.7372
16.18,4.8153,5.2706,0.0236,11.3647
28.0,6.7276,6.931,0.0236,21.2724
6.17,6.9206,5.5234,0.0236,-0.7506
5.44,5.733,7.1858,0.0236,-0.293
9.64,5.9939,7.9886,0.0236,3.6461
14.23,16.224,20.6089,0.0236,-1.994
52.95,7.1665,15.7957,0.0236,45.7835
20.87,7.5515,15.495,0.0236,13.3185
0.44,6.8701,6.9574,0.0236,-6.4301
7.78,5.8526,9.5724,0.0236,1.9274
8.17,4.9896,7.0143,0.0236,3.1804
22.94,5.9673,7.5066,0.0236,16.9727
9.84,6.7632,6.8773,0.0236,3.0768
29.84,4.9267,7.2851,0.0236,24.9133
7.55,4.5997,3.5846,0.0236,2.9503
3.68,4.5917,5.5061,0.0236,-0.9117
1.62,6.773,6.7992,0.0236,-5.153
0.85,5.9203,5.8978,0.0236,-5.0703
1.53,5.218,6.5935,0.0236,-3.688
4.41,4.4539,5.6376,0.0236,-0.0439
3.45,6.9171,11.143,0.0236,-3.4671
3.04,5.1633,7.5279,0.0236,-2.1233
3.35,3.9071,5.3809,0.0236,-0.5571
6.01,4.3304,3.6214,0.0236,1.6796
21.38,5.8528,5.6255,0.0236,15.5272
21.55,6.8277,7.0269,0.0236,14.7223
0.14,4.1884,4.4381,0.0236,-4.0484
6.49,4.0285,3.8997,0.0236,2.4615
1.66,5.344,5.2652,0.0236,-3.684
0.6,4.0287,4.7937,0.0236,-3.4287
0.8,1.6993,2.4804,0.0236,-0.8993
0.54,3.2486,4.9189,0.0236,-2.7086
0.31,1.4907,1.0047,0.0236,-1.1807
0.06,0.5464,0.531,0.0236,-0.4864
0.05,1.4272,0.3949,0.0236,-1.3772
2.53,1.2641,0.5871,0.0236,1.2659
11.02,3.0519,1.2749,0.0236,7.9681
0.0,5.0657,6.5985,0.0236,-5.0657
0.0,1.488,3.8288,0.0236,-1.488
0.16,1.8167,3.0637,0.0236,-1.6567
0.01,0.5672,0.4018,0.0236,-0.5572
0.0,1.2769,0.4084,0.0236,-1.2769
0.01,0.8214,0.8569,0.0236,-0.8114
0.38,0.8189,0.4159,0.0236,-0.4389
0.06,2.1478,0.3205,0.0236,-2.0878
0.01,0.7379,0.2241,0.0236,-0.7279
0.0,0.4354,0.2421,0.0236,-0.4354
0.05,0.2358,0.1067,0.0236,-0.1858
0.07,0.3132,0.0722,0.0236,-0.2432
0.02,0.4442,0.4344,0.0236,-0.4242
0.14,0.2358,0.0513,0.0236,-0.0958
0.03,0.5259,0.2254,0.0236,-0.4959
0.0,0.3746,0.1051,0.0236,-0.3746
0.0,0.427,0.0182,0.0236,-0.427
0.01,0.3746,0.0571,0.0236,-0.3646
0.06,0.4428,0.0254,0.0236,-0.3828
0.01,0.2828,0.0223,0.0236,-0.2728
0.02,0.2358,0.002,0.0236,-0.2158
0.0,0.2358,0.0322,0.0236,-0.2358
0.0,0.3746,0.184,0.0236,-0.3746
0.0,0.1889,0.0077,0.0236,-0.1889
0.0,0.3118,0.0046,0.0236,-0.3118
0.0,0.4354,0.0579,0.0236,-0.4354
0.0,0.1928,0.0009,0.0236,-0.1928
0.0,0.2828,0.0001,0.0236,-0.2828
0.0,0.3025,0.0,0.0236,-0.3025
0.0,0.3025,0.0024,0.0236,-0.3025
0.0,0.4428,0.0141,0.0236,-0.4428
0.0,0.2378,0.0017,0.0236,-0.2378
0.0,0.1889,0.0001,0.0236,-0.1889
0.0,0.1889,0.0,0.0236,-0.1889
0.0,0.1889,0.0,0.0236,-0.1889
0.0,0.1889,0.0002,0.0236,-0.1889
0.0,0.2378,0.0,0.0236,-0.2378
0.0,0.1889,0.0,0.0236,-0.1889
0.02,0.3195,0.0329,0.0236,-0.2995
0.01,0.2358,0.2018,0.0236,-0.2258
0.0,0.1889,0.0292,0.0236,-0.1889
0.0,0.1861,0.0,0.0236,-0.1861
0.0,0.1861,0.0,0.0236,-0.1861
0.0,0.1889,0.0563,0.0236,-0.1889
0.0,0.1889,0.0002,0.0236,-0.1889
0.0,0.1889,0.0001,0.0236,-0.1889
0.0,0.198,0.0,0.0236,-0.198
0.0,0.1903,0.0,0.0236,-0.1903
0.0,0.1861,0.0,0.0236,-0.1861
0.0,0.1889,0.0,0.0236,-0.1889
0.0,0.1889,0.0092,0.0236,-0.1889
0.0,0.1889,0.0218,0.0236,-0.1889
0.0,0.1889,0.0082,0.0236,-0.1889
0.0,0.1861,0.0,0.0236,-0.1861
0.0,0.1861,0.0001,0.0236,-0.1861
0.0,0.1861,0.0002,0.0236,-0.1861
0.0,0.1861,0.0001,0.0236,-0.1861
0.0,0.1861,0.005,0.0236,-0.1861
0.0,0.1861,0.0144,0.0236,-0.1861
0.0,0.4673,0.1137,0.0236,-0.4673
0.0,0.1889,0.1855,0.0236,-0.1889
0.0,0.1874,0.172,0.0236,-0.1874
0.0,0.1874,0.1181,0.0236,-0.1874
0.0,0.1874,0.0391,0.0236,-0.1874
0.0,0.1861,0.0523,0.0236,-0.1861
0.0,0.1861,0.0022,0.0236,-0.1861
0.0,0.1861,0.0078,0.0236,-0.1861
0.0,0.1861,0.0016,0.0236,-0.1861
0.0,0.1861,0.0,0.0236,-0.1861
0.0,0.1903,0.0,0.0236,-0.1903
0.0,0.1861,0.0,0.0236,-0.1861
0.0,0.1861,0.006,0.0236,-0.1861
0.0,0.1889,0.037,0.0236,-0.1889
0.0,0.1861,0.3466,0.0236,-0.1861
0.0,0.1861,0.0169,0.0236,-0.1861
0.0,0.1874,0.1468,0.0236,-0.1874
0.0,0.1874,0.0167,0.0236,-0.1874
0.0,0.4123,0.2364,0.0236,-0.4123
0.02,1.5185,1.2674,0.0236,-1.4985
0.01,0.4442,0.2449,0.0236,-0.4342
0.01,0.1874,0.0528,0.0236,-0.1774
0.02,0.1874,0.0131,0.0236,-0.1674
0.02,0.1874,0.0287,0.0236,-0.1674
0.02,0.1903,0.3382,0.0236,-0.1703
0.05,0.1874,0.0477,0.0236,-0.1374
0.04,0.1861,0.0683,0.0236,-0.1461
0.07,0.1861,0.0077,0.0236,-0.1161
0.06,0.1861,0.0067,0.0236,-0.1261
0.05,0.1889,0.0914,0.0236,-0.1389
0.16,0.2372,0.1557,0.0236,-0.0772
0.41,0.545,0.3061,0.0236,-0.135
0.01,0.5583,0.2745,0.0236,-0.5483
0.01,0.1874,0.0836,0.0236,-0.1774
0.01,0.1874,0.1575,0.0236,-0.1774
0.02,0.1909,0.2894,0.0236,-0.1709
0.08,0.3209,0.4581,0.0236,-0.2409
0.0,1.5431,0.9081,0.0236,-1.5431
0.01,0.5236,0.3842,0.0236,-0.5136
0.0,0.3642,0.2769,0.0236,-0.3642
0.0,0.6368,0.2562,0.0236,-0.6368
0.0,0.1963,0.4774,0.0236,-0.1963
0.0,0.2577,0.2951,0.0236,-0.2577
0.0,0.1928,0.1383,0.0236,-0.1928
0.0,0.1911,0.1514,0.0236,-0.1911
0.0,0.1874,0.1233,0.0236,-0.1874
0.0,0.2106,0.4048,0.0236,-0.2106
0.0,0.2393,0.3885,0.0236,-0.2393
0.01,0.2336,0.3806,0.0236,-0.2236
0.93,1.4484,0.8214,0.0236,-0.5184
1.24,0.5483,0.31,0.0236,0.6917
2.8,1.8336,1.2276,0.0236,0.9664
0.25,2.4006,1.4087,0.0236,-2.1506
0.08,0.7092,1.0868,0.0236,-0.6292
1.22,0.4284,0.61,0.0236,0.7916
2.74,0.1874,0.1294,0.0236,2.5526
3.2,0.1911,0.1398,0.0236,3.0089
0.69,0.3209,0.3332,0.0236,0.3691
0.75,0.4368,0.7616,0.0236,0.3132
0.0,0.2387,0.3365,0.0236,-0.2387
0.0,0.376,0.7185,0.0236,-0.376
0.01,0.4518,0.9566,0.0236,-0.4418
0.02,0.5404,1.4489,0.0236,-0.5204
0.01,0.6192,1.7423,0.0236,-0.6092
1.18,0.5136,1.8934,0.0236,0.6664
3.68,0.3763,0.9061,0.0236,3.3037
3.22,0.7874,1.515,0.0236,2.4326
5.43,0.6171,1.0375,0.0236,4.8129
6.09,2.0935,3.6552,0.0236,3.9965
0.05,2.1566,3.084,0.0236,-2.1066
0.11,2.099,3.6441,0.0236,-1.989
0.09,2.2909,4.3707,0.0236,-2.2009
0.03,2.1363,3.5412,0.0236,-2.1063
0.02,1.5209,4.2229,0.0236,-1.5009
1.04,0.8018,1.9828,0.0236,0.2382
0.61,2.099,3.4242,0.0236,-1.489
3.06,1.8872,3.3412,0.0236,1.1728
1.73,2.1526,2.5477,0.0236,-0.4226
0.21,2.415,2.8297,0.0236,-2.205
1.35,0.8203,2.1472,0.0236,0.5297
1.35,2.3117,2.0234,0.0236,-0.9617
0.55,0.6951,1.1123,0.0236,-0.1451
1.58,1.7465,1.3797,0.0236,-0.1665
1.0,0.5468,0.6372,0.0236,0.4532
0.28,1.8703,2.4666,0.0236,-1.5903
0.9,0.605,2.0552,0.0236,0.295
2.11,0.6376,1.8095,0.0236,1.4724
3.34,1.82,3.7348,0.0236,1.52
3.14,0.6267,1.1843,0.0236,2.5133
0.91,2.1526,2.7113,0.0236,-1.2426
1.28,1.8002,3.9975,0.0236,-0.5202
0.31,1.9053,3.241,0.0236,-1.5953
0.15,0.3361,1.9836,0.0236,-0.1861
0.27,0.2627,0.4571,0.0236,0.0073
1.29,0.3882,1.2903,0.0236,0.9018
1.02,0.9761,3.4397,0.0236,0.0439
3.74,2.0935,4.8364,0.0236,1.6465
2.12,2.2351,4.5025,0.0236,-0.1151
1.82,2.2139,4.0944,0.0236,-0.3939
8.46,1.9639,2.5637,0.0236,6.4961
3.56,2.3024,2.5402,0.0236,1.2576
2.11,1.7653,1.0823,0.0236,0.3447
1.97,1.9919,2.5402,0.0236,-0.0219
2.99,1.7132,2.2928,0.0236,1.2768
0.5,1.934,2.7032,0.0236,-1.434
1.24,1.934,2.4735,0.0236,-0.694
0.27,2.3463,3.4688,0.0236,-2.0763
0.61,0.5483,2.1885,0.0236,0.0617
1.3,0.7793,1.4965,0.0236,0.5207
3.89,1.835,3.4488,0.0236,2.055
7.34,0.605,1.7387,0.0236,6.735
3.42,2.1015,4.0388,0.0236,1.3185
2.13,2.2197,4.2124,0.0236,-0.0897
1.1,0.8855,2.7413,0.0236,0.2145
9.31,1.5511,2.6302,0.0236,7.7589
6.5,3.5239,7.437,0.0236,2.9761
0.63,3.6501,3.1235,0.0236,-3.0201
5.36,1.6807,3.2832,0.0236,3.6793
7.98,3.0316,3.3264,0.0236,4.9484
0.31,3.3509,3.1398,0.0236,-3.0409
0.43,2.2923,2.0756,0.0236,-1.8623
0.56,2.2972,2.2457,0.0236,-1.7372
0.59,1.8409,2.5697,0.0236,-1.2509
4.28,1.6207,1.4062,0.0236,2.6593
1.21,3.8775,4.5836,0.0236,-2.6675
1.03,1.9779,2.6184,0.0236,-0.9479
0.61,1.8649,1.6533,0.0236,-1.2549
0.65,1.6225,1.9226,0.0236,-0.9725
2.39,2.1048,2.134,0.0236,0.2852
0.54,1.8264,2.9432,0.0236,-1.2864
0.84,0.5825,2.1073,0.0236,0.2575
0.9,2.0043,3.9477,0.0236,-1.1043
1.77,2.2292,3.6966,0.0236,-0.4592
5.49,1.848,1.9982,0.0236,3.642
2.96,3.1738,5.1788,0.0236,-0.2138
7.46,1.9,3.0353,0.0236,5.56
0.86,3.9657,2.7872,0.0236,-3.1057
2.5,1.7914,3.2758,0.0236,0.7086
10.49,1.5686,3.3005,0.0236,8.9214
1.31,2.3905,3.8584,0.0236,-1.0805
1.56,2.3524,6.8326,0.0236,-0.7924
7.29,1.712,3.7346,0.0236,5.578
6.76,4.247,6.829,0.0236,2.513
0.34,5.3024,4.998,0.0236,-4.9624
1.43,2.1826,3.3088,0.0236,-0.7526
11.95,2.2554,2.9829,0.0236,9.6946
10.55,4.1555,5.6579,0.0236,6.3945
4.63,4.3174,4.859,0.0236,0.3126
2.9,4.5915,4.8536,0.0236,-1.6915
0.94,2.1211,8.183,0.0236,-1.1811
3.74,1.6511,3.9869,0.0236,2.0889
2.28,3.8114,4.6329,0.0236,-1.5314
7.27,3.9735,5.8762,0.0236,3.2965
4.15,3.8135,6.2901,0.0236,0.3365
13.77,4.6006,5.3599,0.0236,9.1694
8.03,4.1656,6.1599,0.0236,3.8644
9.58,4.0255,5.1278,0.0236,5.5545
5.91,6.7408,9.8398,0.0236,-0.8308
4.15,4.9702,6.0326,0.0236,-0.8202
4.05,4.6271,6.2059,0.0236,-0.5771
9.96,4.305,5.3845,0.0236,5.655
4.31,6.7174,7.2683,0.0236,-2.4074
12.5,4.6572,4.9357,0.0236,7.8428
20.66,4.3245,4.7908,0.0236,16.3355
2.78,6.694,6.8225,0.0236,-3.914
0.62,5.766,6.0568,0.0236,-5.146
1.22,5.6457,5.3438,0.0236,-4.4257
4.17,4.8365,5.727,0.0236,-0.6665
0.16,6.7643,5.4022,0.0236,-6.6043
2.67,5.0123,4.8897,0.0236,-2.3423
2.58,4.3495,4.0623,0.0236,-1.7695
7.16,4.3269,3.645,0.0236,2.8331
8.07,4.3304,4.1723,0.0236,3.7396
4.5,5.4242,4.9644,0.0236,-0.9242
5.4,5.8616,5.6445,0.0236,-0.4616
10.26,4.8614,5.3631,0.0236,5.3986
2.71,6.76,5.0148,0.0236,-4.05
0.75,5.098,7.0157,0.0236,-4.348
3.22,4.5062,4.9393,0.0236,-1.2862
10.33,4.6346,5.0805,0.0236,5.6954
11.98,5.711,6.8339,0.0236,6.269
21.46,5.8473,4.9939,0.0236,15.6127
13.68,6.7331,8.0768,0.0236,6.9469
54.2,6.8363,7.1206,0.0236,47.3637
14.25,8.125,8.5607,0.0236,6.125
5.36,6.77,10.0032,0.0236,-1.41
20.29,7.0569,11.8152,0.0236,13.2331
25.52,6.9016,12.9897,0.0236,18.6184
10.04,7.1528,14.3369,0.0236,2.8872
0.96,6.7651,8.2306,0.0236,-5.8051
1.67,6.7406,4.7705,0.0236,-5.0706
2.51,6.7651,6.4114,0.0236,-4.2551
0.4,6.8817,6.78,0.0236,-6.4817
0.22,5.8422,2.6808,0.0236,-5.6222
1.26,6.793,8.9188,0.0236,-5.533
1.07,5.1464,5.5324,0.0236,-4.0764
1.98,5.652,5.1887,0.0236,-3.672
0.8,6.1206,4.4798,0.0236,-5.3206
2.69,5.0653,2.6277,0.0236,-2.3753
5.44,4.4166,5.6993,0.0236,1.0234
4.96,6.7075,8.2895,0.0236,-1.7475
7.32,6.7522,5.3075,0.0236,0.5678
3.25,6.7371,4.7947,0.0236,-3.4871
1.74,5.8921,4.9111,0.0236,-4.1521
0.15,5.9634,3.5759,0.0236,-5.8134
1.27,5.1221,2.5701,0.0236,-3.8521
0.86,6.7351,3.3903,0.0236,-5.8751
0.74,6.1408,4.3261,0.0236,-5.4008
0.39,5.0441,5.145,0.0236,-4.6541
0.82,4.443,4.1878,0.0236,-3.623
21.86,4.633,5.3569,0.0236,17.227
17.2,6.8494,5.0413,0.0236,10.3506
3.48,6.7488,6.6712,0.0236,-3.2688
3.88,5.0741,6.1184,0.0236,-1.1941
4.13,6.7668,9.2879,0.0236,-2.6368
5.38,5.9678,4.9827,0.0236,-0.5878
6.05,6.0483,4.8398,0.0236,0.0017
5.35,6.7427,6.3171,0.0236,-1.3927
5.88,6.6756,6.3148,0.0236,-0.7956
3.73,6.7463,6.2964,0.0236,-3.0163
0.22,6.8594,5.863,0.0236,-6.6394
1.03,5.1464,5.7674,0.0236,-4.1164
1.74,5.4507,3.9614,0.0236,-3.7107
1.08,6.7543,5.8851,0.0236,-5.6743
4.24,5.3832,4.9523,0.0236,-1.1432
7.09,6.0907,3.8184,0.0236,0.9993
6.82,6.7515,7.0677,0.0236,0.0685
2.27,6.865,6.8892,0.0236,-4.595
2.45,6.7485,5.6852,0.0236,-4.2985
1.87,5.9065,2.8235,0.0236,-4.0365
5.47,5.1288,6.8021,0.0236,0.3412
1.72,5.5434,7.1477,0.0236,-3.8234
0.84,5.0349,6.1116,0.0236,-4.1949
2.76,5.8464,4.0834,0.0236,-3.0864
0.36,5.6297,4.9389,0.0236,-5.2697
0.24,4.9967,4.3516,0.0236,-4.7567
1.75,4.8173,2.7256,0.0236,-3.0673
0.33,6.7382,5.908,0.0236,-6.4082
0.47,5.0049,4.1677,0.0236,-4.5349
0.93,4.228,4.7906,0.0236,-3.298
2.51,4.3936,5.3609,0.0236,-1.8836
0.18,5.4086,3.8099,0.0236,-5.2286
0.22,4.8769,1.6921,0.0236,-4.6569
2.26,3.9095,4.023,0.0236,-1.6495
8.86,4.5144,4.9695,0.0236,4.3456
0.38,6.7326,7.0446,0.0236,-6.3526
0.78,4.3581,3.8031,0.0236,-3.5781
0.58,3.5265,4.036,0.0236,-2.9465
0.92,1.6964,1.8247,0.0236,-0.7764
6.81,4.2908,2.8364,0.0236,2.5192
22.52,7.6882,6.3524,0.0236,14.8318
2.72,6.7773,5.9925,0.0236,-4.0573
3.59,5.6722,5.8597,0.0236,-2.0822
13.15,6.7938,8.8345,0.0236,6.3562
3.62,6.9007,6.9465,0.0236,-3.2807
2.74,6.8122,7.2966,0.0236,-4.0722
4.97,4.3391,4.8559,0.0236,0.6309
17.6,3.2369,3.5774,0.0236,14.3631
26.26,6.7846,7.0653,0.0236,19.4754
27.67,5.1528,6.884,0.0236,22.5172
5.34,4.6437,4.7619,0.0236,0.6963
5.19,5.4853,5.4279,0.0236,-0.2953
11.45,5.6509,4.9653,0.0236,5.7991
15.11,5.7568,6.2201,0.0236,9.3532
8.58,5.5473,4.9844,0.0236,3.0327
2.71,6.8918,8.7224,0.0236,-4.1818
2.82,6.7966,8.3067,0.0236,-3.9766
6.65,6.0648,6.9696,0.0236,0.5852
17.97,5.3271,5.5117,0.0236,12.6429
14.66,5.3355,5.2381,0.0236,9.3245
9.74,5.37,8.1139,0.0236,4.37
7.53,6.0209,7.0499,0.0236,1.5091
9.21,6.7882,6.9277,0.0236,2.4218
1.85,6.7842,7.4349,0.0236,-4.9342
1.67,5.8783,9.0111,0.0236,-4.2083
2.66,5.0913,6.3859,0.0236,-2.4313
10.8,5.7795,5.7417,0.0236,5.0205
2.61,6.7562,5.9102,0.0236,-4.1462
2.86,4.5928,6.0291,0.0236,-1.7328
2.79,4.4157,4.35,0.0236,-1.6257
1.61,4.9289,7.958,0.0236,-3.3189
24.41,3.4113,3.4753,0.0236,20.9987
8.14,4.3351,4.299,0.0236,3.8049
9.46,5.2946,5.8935,0.0236,4.1654
2.05,4.9683,5.6095,0.0236,-2.9183
13.39,3.5979,4.4729,0.0236,9.7921
1.7,4.9328,4.1128,0.0236,-3.2328
3.67,4.9574,4.6095,0.0236,-1.2874
2.76,3.9145,3.2653,0.0236,-1.1545
0.99,3.8561,3.2727,0.0236,-2.8661
4.82,2.2486,2.5761,0.0236,2.5714
3.97,2.063,1.617,0.0236,1.907
1.22,4.3093,2.5058,0.0236,-3.0893
5.44,1.8558,2.6534,0.0236,3.5842
5.84,1.7983,1.6094,0.0236,4.0417
3.96,4.2949,3.4816,0.0236,-0.3349
3.59,4.5548,3.7683,0.0236,-0.9648
0.93,3.6188,3.857,0.0236,-2.6888
1.33,1.5357,1.0623,0.0236,-0.2057
1.59,1.5161,0.8147,0.0236,0.0739
1.63,3.9,2.9728,0.0236,-2.27
0.39,4.4814,4.4201,0.0236,-4.0914
0.39,3.2118,3.3976,0.0236,-2.8218
0.38,2.0306,1.9489,0.0236,-1.6506
1.38,1.4663,0.759,0.0236,-0.0863
6.18,0.4442,0.7525,0.0236,5.7358
5.62,1.4127,0.2687,0.0236,4.2073
10.0,3.6362,3.1669,0.0236,6.3638
5.55,1.5574,1.234,0.0236,3.9926
1.43,4.2899,3.5852,0.0236,-2.8599
0.24,3.6138,3.8307,0.0236,-3.3738
0.26,1.5057,0.5962,0.0236,-1.2457
0.37,1.6717,0.6574,0.0236,-1.3017
0.21,1.5316,0.4349,0.0236,-1.3216
0.38,0.7379,0.4889,0.0236,-0.3579
0.99,1.2474,0.3621,0.0236,-0.2574
0.34,1.3095,0.7691,0.0236,-0.9695
0.22,0.4442,1.2473,0.0236,-0.2242
0.22,0.5534,0.3333,0.0236,-0.3334
0.08,1.4296,0.189,0.0236,-1.3496
0.02,0.675,0.3266,0.0236,-0.655
0.05,0.3038,0.1732,0.0236,-0.2538
0.05,0.1903,0.4077,0.0236,-0.1403
0.19,0.1903,0.0905,0.0236,-0.0003
0.14,0.5534,0.4716,0.0236,-0.4134
0.25,0.534,0.2488,0.0236,-0.284
0.03,1.3095,0.5496,0.0236,-1.2795
0.06,0.1861,0.2286,0.0236,-0.1261
0.09,0.1874,0.0399,0.0236,-0.0974
0.28,0.1903,0.1108,0.0236,0.0897
0.44,0.44,0.1179,0.0236,-0.0
0.19,1.4544,0.3975,0.0236,-1.2644
1.0,1.3139,0.5583,0.0236,-0.3139
0.27,0.4442,0.4229,0.0236,-0.1742
0.29,0.5203,0.5451,0.0236,-0.2303
0.1,1.5211,0.8948,0.0236,-1.4211
0.11,0.2842,0.1781,0.0236,-0.1742
0.12,1.5215,0.4361,0.0236,-1.4015
0.12,2.0088,1.5377,0.0236,-1.8888
0.09,0.5464,0.196,0.0236,-0.4564
0.21,1.2235,0.5027,0.0236,-1.0135
0.17,0.6712,0.2035,0.0236,-0.5012
0.07,1.3095,0.6133,0.0236,-1.2395
0.03,0.5094,1.2505,0.0236,-0.4794
0.2,0.7379,0.686,0.0236,-0.5379
0.32,0.4673,0.564,0.0236,-0.1473
0.14,0.5236,0.2041,0.0236,-0.3836
0.09,0.6712,0.6553,0.0236,-0.5812
0.08,1.3516,0.3279,0.0236,-1.2716
0.35,0.4326,0.2359,0.0236,-0.0826
1.18,0.6631,0.7444,0.0236,0.5169
0.38,0.5759,0.196,0.0236,-0.1959
0.27,0.1903,0.3512,0.0236,0.0797
0.38,0.1874,0.3481,0.0236,0.1926
0.01,0.3038,0.1288,0.0236,-0.2938
0.01,1.6022,0.3048,0.0236,-1.5922
0.01,0.4414,0.1515,0.0236,-0.4314
0.0,1.2867,0.4905,0.0236,-1.2867
0.01,0.4368,0.2712,0.0236,-0.4268
0.0,0.3267,0.2736,0.0236,-0.3267
0.0,0.4422,0.5426,0.0236,-0.4422
0.0,0.1922,0.2018,0.0236,-0.1922
0.0,0.446,0.2535,0.0236,-0.446
0.0,0.5892,1.4018,0.0236,-0.5892
0.0,0.1893,0.4261,0.0236,-0.1893
0.0,0.2135,0.2858,0.0236,-0.2135
0.0,0.4368,0.5732,0.0236,-0.4368
0.0,0.5272,0.2182,0.0236,-0.5272
0.0,0.1922,0.2553,0.0236,-0.1922
0.01,0.1874,0.0731,0.0236,-0.1774
0.0,0.4284,0.9726,0.0236,-0.4284
0.01,1.3351,0.5579,0.0236,-1.3251
0.0,0.4414,0.4475,0.0236,-0.4414
0.0,0.1893,0.2265,0.0236,-0.1893
0.0,0.1874,0.1105,0.0236,-0.1874
0.0,0.1874,0.0236,0.0236,-0.1874
0.0,0.3195,0.183,0.0236,-0.3195
0.0,0.1874,0.0675,0.0236,-0.1874
0.0,0.1893,0.0328,0.0236,-0.1893
2.5,0.1903,0.1552,0.0236,2.3097
2.04,0.3169,0.1551,0.0236,1.7231
3.66,0.3209,0.0813,0.0236,3.3391
0.75,1.7442,0.661,0.0236,-0.9942
2.29,0.7257,0.3059,0.0236,1.5643
0.0,0.1903,0.1055,0.0236,-0.1903
0.0,0.1874,0.0923,0.0236,-0.1874
0.0,0.1874,0.1094,0.0236,-0.1874
0.0,0.1861,0.0493,0.0236,-0.1861
0.0,0.1874,0.1005,0.0236,-0.1874
0.06,0.1874,0.0581,0.0236,-0.1274
0.6,0.1893,0.1039,0.0236,0.4107
0.3,0.1903,0.1628,0.0236,0.1097
0.06,0.2842,0.141,0.0236,-0.2242
0.91,0.1874,0.1731,0.0236,0.7226
0.06,0.2469,0.2169,0.0236,-0.1869
0.2,2.1765,1.2236,0.0236,-1.9765
0.07,1.9365,0.8536,0.0236,-1.8665
0.17,0.5583,0.1995,0.0236,-0.3883
0.13,1.5772,1.3991,0.0236,-1.4472
0.5,0.1903,0.5202,0.0236,0.3097
2.09,0.4875,0.8573,0.0236,1.6025
1.12,2.22,1.0985,0.0236,-1.1
0.35,0.5464,1.9938,0.0236,-0.1964
3.07,0.4324,0.6597,0.0236,2.6376
2.1,2.3067,1.582,0.0236,-0.2067
0.25,2.3024,1.8051,0.0236,-2.0524
1.06,0.5464,1.1795,0.0236,0.5136
0.85,2.4243,1.8222,0.0236,-1.5743
0.19,0.739,0.7693,0.0236,-0.549
0.0,0.5801,1.0711,0.0236,-0.5801
0.0,0.1996,0.8768,0.0236,-0.1996
0.0,0.2308,0.2068,0.0236,-0.2308
0.0,0.2358,0.1187,0.0236,-0.2358
0.0,0.1874,0.1592,0.0236,-0.1874
0.0,0.1874,0.1944,0.0236,-0.1874
0.0,0.2106,0.1634,0.0236,-0.2106
0.0,0.2106,0.1553,0.0236,-0.2106
0.0,0.2,0.1625,0.0236,-0.2
0.0,0.2152,0.0966,0.0236,-0.2152
0.0,0.2135,0.1416,0.0236,-0.2135
0.0,0.2128,0.0962,0.0236,-0.2128
0.0,0.2,0.1472,0.0236,-0.2
0.0,0.2,0.126,0.0236,-0.2
0.0,0.2308,0.3463,0.0236,-0.2308
0.04,0.2308,0.3222,0.0236,-0.1908
0.09,0.3267,0.4327,0.0236,-0.2367
0.03,0.3316,0.2325,0.0236,-0.3016
0.05,0.2387,0.2504,0.0236,-0.1887
0.03,0.2454,0.3773,0.0236,-0.2154
1.26,0.4993,0.4913,0.0236,0.7607
0.44,0.4776,0.6217,0.0236,-0.0376
0.88,0.3411,0.7284,0.0236,0.5389
0.96,0.6148,1.1132,0.0236,0.3452
0.39,0.5249,0.9572,0.0236,-0.1349
1.79,0.7621,0.9503,0.0236,1.0279
2.01,0.5038,1.4836,0.0236,1.5062
0.53,0.6064,1.2466,0.0236,-0.0764
0.15,0.5989,1.3122,0.0236,-0.4489
0.43,0.4179,1.0444,0.0236,0.0121
0.0,0.2662,0.5852,0.0236,-0.2662
0.02,0.4217,0.9211,0.0236,-0.4017
0.04,0.2421,0.3948,0.0236,-0.2021
0.04,0.2599,0.4136,0.0236,-0.2199
0.08,0.2599,0.5237,0.0236,-0.1799
1.77,0.2662,0.5294,0.0236,1.5038
0.87,0.5955,2.614,0.0236,0.2745
0.45,0.4171,0.8798,0.0236,0.0329
2.24,0.9584,0.9282,0.0236,1.2816
1.72,0.7128,1.0106,0.0236,1.0072
2.56,1.8209,2.2228,0.0236,0.7391
4.55,2.3125,2.4627,0.0236,2.2375
8.06,2.1918,2.1265,0.0236,5.8682
2.3,2.22,3.202,0.0236,0.08
17.77,2.0186,1.2391,0.0236,15.7514
0.01,5.1948,4.1003,0.0236,-5.1848
0.01,1.5295,3.4557,0.0236,-1.5195
0.02,0.1922,0.1323,0.0236,-0.1722
0.01,0.5291,0.3557,0.0236,-0.5191
0.03,0.7151,0.9601,0.0236,-0.6851
19.22,0.4387,1.4885,0.0236,18.7813
21.48,1.9735,3.0491,0.0236,19.5065
5.79,4.2396,4.1907,0.0236,1.5504
8.25,4.6372,4.7433,0.0236,3.6128
11.01,3.6178,2.5819,0.0236,7.3922
0.21,1.5278,2.5166,0.0236,-1.3178
1.11,1.9996,1.8052,0.0236,-0.8896
1.91,1.7723,1.8112,0.0236,0.1377
9.26,3.4268,3.3261,0.0236,5.8332
3.54,3.9012,4.5057,0.0236,-0.3612
1.49,3.6323,2.9393,0.0236,-2.1423
3.16,3.8356,2.7872,0.0236,-0.6756
8.01,3.2327,3.5556,0.0236,4.7773
4.63,3.2327,3.2011,0.0236,1.3973
1.04,3.3541,3.819,0.0236,-2.3141
0.58,1.4348,3.2917,0.0236,-0.8548
0.07,1.5004,3.4398,0.0236,-1.4304
0.79,1.8399,1.5929,0.0236,-1.0499
0.52,2.1097,2.4966,0.0236,-1.5897
4.54,3.3211,3.9806,0.0236,1.2189
1.73,3.2142,4.8615,0.0236,-1.4842
1.54,2.3746,2.2862,0.0236,-0.8346
2.17,0.7063,1.1662,0.0236,1.4637
1.11,1.5212,1.6973,0.0236,-0.4112
2.68,2.0348,1.2145,0.0236,0.6452
1.33,2.0012,1.1744,0.0236,-0.6712
1.18,0.5255,1.224,0.0236,0.6545
1.41,0.7888,2.6565,0.0236,0.6212
2.21,0.8252,2.5147,0.0236,1.3848
3.84,0.8088,2.9703,0.0236,3.0312
1.29,0.7989,2.9356,0.0236,0.4911
1.46,1.2867,4.631,0.0236,0.1733
2.07,1.271,5.1483,0.0236,0.799
1.75,1.45,4.5793,0.0236,0.3
1.4,1.4469,4.3712,0.0236,-0.0469
2.23,0.5948,1.8111,0.0236,1.6352
2.43,0.7379,2.6164,0.0236,1.6921
2.24,1.1272,4.3423,0.0236,1.1128
3.02,0.6019,1.9556,0.0236,2.4181
3.01,1.4933,4.1586,0.0236,1.5167
4.03,1.8363,1.6503,0.0236,2.1937
3.442112909921129,0.7254,1.1421,0.0236,2.7168
3.442112909921129,1.5004,0.9671,0.0236,1.9417
3.442112909921129,1.975,0.2727,0.0236,1.4671
3.39,1.975,0.346,0.0236,1.415
3.67,3.3516,4.6823,0.0236,0.3184
7.3,4.4667,8.4903,0.0236,2.8333
3.442112909921129,1.6605,2.3416,0.0236,1.7816
3.442112909921129,1.5004,1.0151,0.0236,1.9417
3.442112909921129,1.975,0.346,0.0236,1.4671
